event,T0_tx_rise_s,T1_rx1_rise_s,T2_rx2_rise_s,T1-T0_us,T2-T0_us,T2-T1_us,status
1,0.512499700,0.520921170,0.520922030,8421.470,8422.330,0.860,ok
2,1.054573560,1.062977820,1.062976070,8404.260,8402.510,1.750,ok
3,1.596638430,1.605049220,1.605044630,8410.790,8406.200,4.590,ok
4,2.138758660,2.147140880,2.147138900,8382.220,8380.240,1.980,ok
5,2.680762330,2.689167250,2.689167920,8404.920,8405.590,0.670,ok
6,3.222801090,3.231203220,3.231206660,8402.130,8405.570,3.440,ok
7,3.764927410,3.773329980,3.773329590,8402.570,8402.180,0.390,ok
8,4.306936650,4.315355930,4.315354520,8419.280,8417.870,1.410,ok
9,4.849059440,4.857472890,4.857473810,8413.450,8414.370,0.920,ok
10,5.391183800,5.399533550,5.399532670,8349.750,8348.870,0.880,ok
11,5.933195920,5.941610280,5.941606200,8414.360,8410.280,4.080,ok
12,6.475236140,6.483646670,6.483650190,8410.530,8414.050,3.520,ok
13,7.017325170,7.025708040,7.025704080,8382.870,8378.910,3.960,ok
14,7.559335850,7.567739540,7.567737920,8403.690,8402.070,1.620,ok
15,8.101353290,8.109755820,8.109756740,8402.530,8403.450,0.920,ok
16,8.643487020,8.651902100,8.651900650,8415.080,8413.630,1.450,ok
17,9.185561320,9.193986450,9.193964640,8425.130,8403.320,21.810,ok
18,9.727571900,9.735974970,9.735973420,8403.070,8401.520,1.550,ok
19,10.269738160,10.278151120,10.278152540,8412.960,8414.380,1.420,ok
20,10.811790850,10.820192380,10.820196010,8401.530,8405.160,3.630,ok
21,11.353829650,11.362233670,11.362234860,8404.020,8405.210,1.190,ok
22,11.895896910,11.904300090,11.904298780,8403.180,8401.870,1.310,ok
23,12.437944800,12.446351250,12.446347700,8406.450,8402.900,3.550,ok
24,12.979950190,12.988362600,12.988361420,8412.410,8411.230,1.180,ok
25,13.522067690,13.530449140,13.530450460,8381.450,8382.770,1.320,ok
26,14.064110940,14.072515260,14.072514360,8404.320,8403.420,0.900,ok
27,14.606154730,14.614561570,14.614558210,8406.840,8403.480,3.360,ok
28,15.148265920,15.156622600,15.156621980,8356.680,8356.060,0.620,ok
29,15.690248700,15.698653480,15.698650170,8404.780,8401.470,3.310,ok
30,16.232274040,16.240680320,16.240679480,8406.280,8405.440,0.840,ok
31,16.774324420,16.782726410,16.782728290,8401.990,8403.870,1.880,ok
32,17.316391000,17.324793080,17.324792120,8402.080,8401.120,0.960,ok
33,17.858408400,17.866814040,17.866810940,8405.640,8402.540,3.100,ok
34,18.400546000,18.408950410,18.408949720,8404.410,8403.720,0.690,ok
35,18.942579740,18.950981740,18.950983520,8402.000,8403.780,1.780,ok
36,19.484635770,19.493047710,19.493047190,8411.940,8411.420,0.520,ok
37,20.026709610,20.035114320,20.035116040,8404.710,8406.430,1.720,ok
38,20.568778580,20.577180050,20.577184910,8401.470,8406.330,4.860,ok
39,21.110868560,21.119270570,21.119273520,8402.010,8404.960,2.950,ok
40,21.653003210,21.661382780,21.661382490,8379.570,8379.280,0.290,ok
41,22.195045470,22.203449200,22.203451180,8403.730,8405.710,1.980,ok
42,22.737034410,22.745498100,22.745439960,8463.690,8405.550,58.140,ok
43,23.279140130,23.287551470,23.287553480,8411.340,8413.350,2.010,ok
44,23.821172060,23.829573050,23.829572500,8400.990,8400.440,0.550,ok
45,24.363160190,24.371564190,24.371566210,8404.000,8406.020,2.020,ok
46,24.905269990,24.913680730,24.913680160,8410.740,8410.170,0.570,ok
47,25.447317520,25.455721610,25.455722970,8404.090,8405.450,1.360,ok
48,25.989348570,25.997752690,25.997752560,8404.120,8403.990,0.130,ok
49,26.531427700,26.539829120,26.539831380,8401.420,8403.680,2.260,ok
50,27.073492820,27.081895140,27.081895250,8402.320,8402.430,0.110,ok
51,27.615564380,27.623975470,27.623973920,8411.090,8409.540,1.550,ok
52,28.157690920,28.166102850,28.166102310,8411.930,8411.390,0.540,ok
53,28.699758580,28.708158950,28.708161270,8400.370,8402.690,2.320,ok
54,29.241792160,29.250195110,29.250194810,8402.950,8402.650,0.300,ok
55,29.783875170,,,,,,missing_rx1_rx2
56,30.325959330,30.334362040,30.334361890,8402.710,8402.560,0.150,ok
57,30.867932720,30.876338410,30.876335920,8405.690,8403.200,2.490,ok
58,31.410020060,31.418424950,31.418424790,8404.890,8404.730,0.160,ok
59,31.952059170,31.960460760,31.960463540,8401.590,8404.370,2.780,ok
60,32.494122940,32.502527260,32.502527420,8404.320,8404.480,0.160,ok
61,33.036153940,33.044558410,33.044555770,8404.470,8401.830,2.640,ok
62,33.578191570,33.586594540,33.586594700,8402.970,8403.130,0.160,ok
63,34.120228610,34.128630970,34.128633520,8402.360,8404.910,2.550,ok
64,34.662325900,34.670737340,34.670737340,8411.440,8411.440,0.000,ok
65,35.204404160,35.212808290,35.212806260,8404.130,8402.100,2.030,ok
66,35.746481740,35.754884570,35.754884820,8402.830,8403.080,0.250,ok
67,36.288613400,36.297025650,36.297028260,8412.250,8414.860,2.610,ok
68,36.830630890,36.839036740,36.839037280,8405.850,8406.390,0.540,ok
69,37.372723740,37.381132980,37.381135760,8409.240,8412.020,2.780,ok
70,37.914859810,37.923274230,37.923269650,8414.420,8409.840,4.580,ok
71,38.456895530,38.465300380,38.465298340,8404.850,8402.810,2.040,ok
72,38.998869600,39.007271350,39.007272180,8401.750,8402.580,0.830,ok
73,39.540885040,39.549287470,39.549291480,8402.430,8406.440,4.010,ok
74,40.082914960,40.091328360,40.091319430,8413.400,8404.470,8.930,ok
75,40.624973690,40.633374860,40.633378430,8401.170,8404.740,3.570,ok
76,41.167121790,41.175470990,41.175471770,8349.200,8349.980,0.780,ok
77,41.709107770,41.717512540,41.717510850,8404.770,8403.080,1.690,ok
78,42.251166710,42.259578620,42.259579310,8411.910,8412.600,0.690,ok
79,42.793272680,42.801684790,42.801682990,8412.110,8410.310,1.800,ok
80,43.335304320,43.343705660,43.343706940,8401.340,8402.620,1.280,ok
81,43.877356110,43.885762150,43.885760430,8406.040,8404.320,1.720,ok
82,44.419444900,44.427793060,44.427794150,8348.160,8349.250,1.090,ok
83,44.961383200,44.969784480,44.969787940,8401.280,8404.740,3.460,ok
84,45.503409400,45.511810600,45.511811570,8401.200,8402.170,0.970,ok
85,46.045453990,46.053866640,46.053865290,8412.650,8411.300,1.350,ok
86,46.587472340,46.595878190,46.595873670,8405.850,8401.330,4.520,ok
87,47.129458030,47.137864180,47.137862210,8406.150,8404.180,1.970,ok
88,47.671540120,47.679955220,47.679951360,8415.100,8411.240,3.860,ok
89,48.213506380,48.221911290,48.221910110,8404.910,8403.730,1.180,ok
90,48.755489450,48.763892530,48.763893250,8403.080,8403.800,0.720,ok
91,49.297558600,49.305968560,49.305972420,8409.960,8413.820,3.860,ok
92,49.839586290,49.847989570,49.847986000,8403.280,8399.710,3.570,ok
93,50.381596100,50.390000950,50.389999750,8404.850,8403.650,1.200,ok
94,50.923700400,50.932081780,50.932083490,8381.380,8383.090,1.710,ok
95,51.465709870,51.474113330,51.474112090,8403.460,8402.220,1.240,ok
96,52.007739850,52.016144490,52.016145770,8404.640,8405.920,1.280,ok
97,52.549830640,52.558193600,52.558244380,8362.960,8413.740,50.780,ok
98,53.091866970,53.100271560,53.100268290,8404.590,8401.320,3.270,ok
99,53.633846650,53.642247910,53.642251710,8401.260,8405.060,3.800,ok
100,54.175933620,54.184338670,54.184393430,8405.050,8459.810,54.760,ok
101,54.717899510,54.726305140,54.726304100,8405.630,8404.590,1.040,ok
102,55.259810450,55.268216330,55.268212900,8405.880,8402.450,3.430,ok
103,55.801891320,55.810302230,55.810306860,8410.910,8415.540,4.630,ok
104,56.343875350,56.352261450,56.352275190,8386.100,8399.840,13.740,ok
105,56.885813370,56.894219430,56.894218740,8406.060,8405.370,0.690,ok
106,57.427867090,57.436280780,57.436277630,8413.690,8410.540,3.150,ok
107,57.969839650,57.978241820,57.978241340,8402.170,8401.690,0.480,ok
108,58.511883120,58.520287930,58.520284380,8404.810,8401.260,3.550,ok
109,59.053968350,59.062379290,59.062408580,8410.940,8440.230,29.290,ok
110,59.595977230,59.604380200,59.604382240,8402.970,8405.010,2.040,ok
111,60.138010730,60.146407020,60.146420530,8396.290,8409.800,13.510,ok
112,60.680112420,60.688522580,60.688524460,8410.160,8412.040,1.880,ok
113,61.222083570,61.230488500,61.230488080,8404.930,8404.510,0.420,ok
114,61.764082670,61.772494770,61.772496900,8412.100,8414.230,2.130,ok
115,62.306185730,62.314611060,62.314615580,8425.330,8429.850,4.520,ok
116,62.848210100,62.856612240,62.856613180,8402.140,8403.080,0.940,ok
117,63.390207220,63.398613470,63.398612980,8406.250,8405.760,0.490,ok
118,63.932239980,63.940654070,63.940651530,8414.090,8411.550,2.540,ok
119,64.474252580,64.482665350,64.482665310,8412.770,8412.730,0.040,ok
120,65.016192070,65.024596620,65.024593840,8404.550,8401.770,2.780,ok
121,65.558294960,65.566707550,65.566707580,8412.590,8412.620,0.030,ok
122,66.100294390,66.108698870,66.108696320,8404.480,8401.930,2.550,ok
123,66.642234190,66.650650010,66.650654550,8415.820,8420.360,4.540,ok
124,67.184311440,67.192726000,67.192722980,8414.560,8411.540,3.020,ok
125,67.726330540,67.734731940,67.734732080,8401.400,8401.540,0.140,ok
126,68.268319670,68.276722970,68.276720830,8403.300,8401.160,2.140,ok
127,68.810264320,68.818669100,68.818668290,8404.780,8403.970,0.810,ok
128,69.352236530,69.360640420,69.360638120,8403.890,8401.590,2.300,ok
129,69.894146200,69.902551300,69.902551580,8405.100,8405.380,0.280,ok
130,70.436180180,70.444582480,70.444580100,8402.300,8399.920,2.380,ok
131,70.978160610,70.986563610,,8403.000,,,missing_rx2
132,71.520093550,71.528476900,71.528497000,8383.350,8403.450,20.100,ok
133,72.062092440,72.070506060,72.070506240,8413.620,8413.800,0.180,ok
134,72.604073690,72.612491910,72.612494680,8418.220,8420.990,2.770,ok
135,73.145991640,73.154392470,73.154393300,8400.830,8401.660,0.830,ok
136,73.688002300,73.696349140,73.696352000,8346.840,8349.700,2.860,ok
137,74.229828150,74.238230160,74.238179430,8402.010,8351.280,50.730,ok
138,74.771782690,74.780186540,74.780184320,8403.850,8401.630,2.220,ok
139,75.313778990,75.322182580,75.322182680,8403.590,8403.690,0.100,ok
140,75.855751420,75.864153730,75.864151970,8402.310,8400.550,1.760,ok
141,76.397729530,,76.406135160,,8405.630,,missing_rx1
142,76.939830540,76.948240090,76.948243800,8409.550,8413.260,3.710,ok
143,77.481886340,77.490286610,77.490287140,8400.270,8400.800,0.530,ok
144,78.023848390,78.032262770,78.032261250,8414.380,8412.860,1.520,ok
145,78.565905290,78.574318570,78.574319750,8413.280,8414.460,1.180,ok
146,79.107901490,79.116305040,79.116303690,8403.550,8402.200,1.350,ok
147,79.649901950,79.658306040,79.658306980,8404.090,8405.030,0.940,ok
148,80.191959410,80.200362070,80.200360710,8402.660,8401.300,1.360,ok
149,80.733981050,80.742383570,80.742384350,8402.520,8403.300,0.780,ok
150,81.276027800,81.284429750,81.284432850,8401.950,8405.050,3.100,ok
151,81.818066960,81.826480590,81.826481300,8413.630,8414.340,0.710,ok
152,82.360114390,82.368516490,82.368519880,8402.100,8405.490,3.390,ok
153,82.902109430,82.910512600,82.910513730,8403.170,8404.300,1.130,ok
154,83.444204090,83.452603810,83.452607510,8399.720,8403.420,3.700,ok
155,83.986198770,83.994605140,83.994600920,8406.370,8402.150,4.220,ok
156,84.528212240,84.536616080,84.536614160,8403.840,8401.920,1.920,ok
157,85.070336110,85.078747190,85.078748190,8411.080,8412.080,1.000,ok
158,85.612385640,85.620787980,85.620779480,8402.340,8393.840,8.500,ok
159,86.154398680,86.162804410,86.162800450,8405.730,8401.770,3.960,ok
160,86.696487790,86.704918820,86.704898750,8431.030,8410.960,20.070,ok
161,87.238502940,87.246906520,87.246898150,8403.580,8395.210,8.370,ok
162,87.780492600,87.788897470,87.788896200,8404.870,8403.600,1.270,ok
163,88.322590250,88.331003670,88.331004870,8413.420,8414.620,1.200,ok
164,88.864599850,88.873004820,88.873001900,8404.970,8402.050,2.920,ok
165,89.406584590,89.414985790,89.414987020,8401.200,8402.430,1.230,ok
166,89.948653270,89.957056950,89.957055610,8403.680,8402.340,1.340,ok
167,90.490678210,90.499064520,90.499079430,8386.310,8401.220,14.910,ok
168,91.032711960,91.041113990,91.041112750,8402.030,8400.790,1.240,ok
169,91.574748870,91.583160360,91.583161730,8411.490,8412.860,1.370,ok
170,92.116702140,92.125106120,92.125105030,8403.980,8402.890,1.090,ok
171,92.658683740,92.667087480,92.667083500,8403.740,8399.760,3.980,ok
172,93.200799050,93.209212840,93.209212170,8413.790,8413.120,0.670,ok
173,93.742830290,93.751234640,93.751236020,8404.350,8405.730,1.380,ok
174,94.284780580,94.293224050,94.293184650,8443.470,8404.070,39.400,ok
175,94.826833840,94.835216970,94.835213400,8383.130,8379.560,3.570,ok
176,95.368809400,95.377212810,95.377211930,8403.410,8402.530,0.880,ok
177,95.910884180,95.919288550,95.919284990,8404.370,8400.810,3.560,ok
178,96.453029620,96.461374840,96.461378930,8345.220,8349.310,4.090,ok
179,96.995013880,97.003415840,97.003412220,8401.960,8398.340,3.620,ok
180,97.537057040,97.545462340,97.545461240,8405.300,8404.200,1.100,ok
181,98.079176730,98.087587680,98.087589800,8410.950,8413.070,2.120,ok
182,98.621137490,98.629539510,98.629543540,8402.020,8406.050,4.030,ok
183,99.163130350,99.171535490,99.171531980,8405.140,8401.630,3.510,ok
184,99.705197710,99.713611630,99.713610660,8413.920,8412.950,0.970,ok
185,100.247241340,100.255642600,100.255644530,8401.260,8403.190,1.930,ok
186,100.789248270,100.797648380,100.797652920,8400.110,8404.650,4.540,ok
187,101.331328290,101.339739620,101.339741470,8411.330,8413.180,1.850,ok
188,101.873297650,101.881700690,101.881699800,8403.040,8402.150,0.890,ok
189,102.415334320,102.423747020,102.423748680,8412.700,8414.360,1.660,ok
190,102.957463840,102.965828030,102.965827120,8364.190,8363.280,0.910,ok
191,103.499460390,103.507863920,103.507865720,8403.530,8405.330,1.800,ok
192,104.041500580,104.049909900,104.049909240,8409.320,8408.660,0.660,ok
193,104.583633640,104.592016040,104.592012770,8382.400,8379.130,3.270,ok
194,105.125638850,105.134057290,105.134056860,8418.440,8418.010,0.430,ok
195,105.667590060,105.675993340,105.675995250,8403.280,8405.190,1.910,ok
196,106.209670050,106.218074250,106.218073940,8404.200,8403.890,0.310,ok
197,106.751717590,106.760120160,106.760122380,8402.570,8404.790,2.220,ok
198,107.293710980,107.302111620,107.302110810,8400.640,8399.830,0.810,ok
199,107.835758440,107.844172550,107.844169290,8414.110,8410.850,3.260,ok
200,108.377770240,108.386173450,108.386172610,8403.210,8402.370,0.840,ok
201,108.919739130,108.928149410,108.928151560,8410.280,8412.430,2.150,ok
202,109.461823580,109.470235620,109.470235360,8412.040,8411.780,0.260,ok
203,110.003799650,110.012216380,110.012218320,8416.730,8418.670,1.940,ok
204,110.545846780,110.554252500,110.554252290,8405.720,8405.510,0.210,ok
205,111.087967680,111.096378350,111.096380620,8410.670,8412.940,2.270,ok
206,111.630026730,111.638429860,111.638495770,8403.130,8469.040,65.910,ok
207,112.172077510,112.180480810,112.180483210,8403.300,8405.700,2.400,ok
208,112.714135410,112.722516740,112.722516350,8381.330,8380.940,0.390,ok
209,113.256091620,113.264497510,113.264495140,8405.890,8403.520,2.370,ok
210,113.798121920,113.806523960,113.806523260,8402.040,8401.340,0.700,ok
211,114.340225440,114.348630200,114.348632300,8404.760,8406.860,2.100,ok
212,114.882275400,114.890675810,114.890675330,8400.410,8399.930,0.480,ok
213,115.424265720,115.432671730,115.432669280,8406.010,8403.560,2.450,ok
214,115.966317090,115.974722510,115.974722880,8405.420,8405.790,0.370,ok
215,116.508375130,116.516779020,116.516776370,8403.890,8401.240,2.650,ok
216,117.050377230,117.058779840,117.058780040,8402.610,8402.810,0.200,ok
217,117.592468710,117.600870930,117.600873410,8402.220,8404.700,2.480,ok
218,118.134518710,118.142919360,118.142922310,8400.650,8403.600,2.950,ok
219,118.676558470,118.684963010,118.684960570,8404.540,8402.100,2.440,ok
220,119.218617590,119.226998670,119.226999240,8381.080,8381.650,0.570,ok
221,119.760609040,119.769009940,119.769012470,8400.900,8403.430,2.530,ok
222,120.302617090,120.311020960,120.311020950,8403.870,8403.860,0.010,ok
223,120.844694920,120.853072000,120.853075020,8377.080,8380.100,3.020,ok
224,121.386637050,121.395038210,121.395038670,8401.160,8401.620,0.460,ok
225,121.928611730,121.937014380,121.937017020,8402.650,8405.290,2.640,ok
226,122.470709110,122.479115170,122.479110530,8406.060,8401.420,4.640,ok
227,123.012728640,123.021131150,,8402.510,,,missing_rx2
