Time [s],Tx,Rx1,Rx2
0.000000000,0,0,0
0.512499700,1,0,0
0.520640100,0,0,0
0.520921170,0,1,0
0.520922030,0,1,1
0.520941480,0,1,0
0.521006420,0,0,0
1.054573560,1,0,0
1.062694560,0,0,0
1.062976070,0,0,1
1.062977820,0,1,1
1.062995420,0,1,0
1.062997240,0,0,0
1.596638430,1,0,0
1.604769450,0,0,0
1.605044630,0,0,1
1.605049220,0,1,1
1.605064020,0,1,0
1.605068670,0,0,0
2.138758660,1,0,0
2.146857090,0,0,0
2.147138900,0,0,1
2.147140880,0,1,1
2.147158230,0,1,0
2.147160250,0,0,0
2.680762330,1,0,0
2.688883670,0,0,0
2.689167250,0,1,0
2.689167920,0,1,1
2.689186620,0,0,1
2.689187310,0,0,0
3.222801090,1,0,0
3.230923840,0,0,0
3.231203220,0,1,0
3.231206660,0,1,1
3.231222660,0,0,1
3.231226030,0,0,0
3.764927410,1,0,0
3.773048950,0,0,0
3.773329590,0,0,1
3.773329980,0,1,1
3.773348940,0,1,0
3.773349310,0,0,0
4.306936650,1,0,0
4.315074130,0,0,0
4.315354520,0,0,1
4.315355930,0,1,1
4.315373980,0,1,0
4.315375260,0,0,0
4.849059440,1,0,0
4.857188730,0,0,0
4.857472890,0,1,0
4.857473810,0,1,1
4.857492280,0,0,1
4.857493100,0,0,0
5.391183800,1,0,0
5.399252360,0,0,0
5.399532670,0,0,1
5.399533550,0,1,1
5.399552090,0,1,0
5.399552890,0,0,0
5.933195920,1,0,0
5.941326270,0,0,0
5.941606200,0,0,1
5.941610280,0,1,1
5.941625630,0,1,0
5.941629700,0,0,0
6.475236140,1,0,0
6.483366040,0,0,0
6.483646670,0,1,0
6.483650190,0,1,1
6.483666090,0,0,1
6.483669530,0,0,0
7.017325170,1,0,0
7.025422060,0,0,0
7.025704080,0,0,1
7.025708040,0,1,1
7.025723460,0,1,0
7.025727380,0,0,0
7.559335850,1,0,0
7.567455710,0,0,0
7.567737920,0,0,1
7.567739540,0,1,1
7.567757360,0,1,0
7.567758850,0,0,0
8.101353290,1,0,0
8.109473030,0,0,0
8.109755820,0,1,0
8.109756740,0,1,1
8.109775210,0,0,1
8.109776150,0,0,0
8.643487020,1,0,0
8.651618770,0,0,0
8.651900650,0,0,1
8.651902100,0,1,1
8.651920020,0,1,0
8.651921540,0,0,0
9.185561320,1,0,0
9.193682710,0,0,0
9.193964640,0,0,1
9.193983970,0,0,0
9.193986450,0,1,0
9.194005910,0,0,0
9.727571900,1,0,0
9.735693680,0,0,0
9.735973420,0,0,1
9.735974970,0,1,1
9.735992850,0,1,0
9.735994300,0,0,0
10.269738160,1,0,0
10.277868820,0,0,0
10.278151120,0,1,0
10.278152540,0,1,1
10.278170450,0,0,1
10.278171960,0,0,0
10.811790850,1,0,0
10.819912870,0,0,0
10.820192380,0,1,0
10.820196010,0,1,1
10.820211860,0,0,1
10.820215350,0,0,0
11.353829650,1,0,0
11.361949870,0,0,0
11.362233670,0,1,0
11.362234860,0,1,1
11.362253130,0,0,1
11.362254290,0,0,0
11.895896910,1,0,0
11.904019830,0,0,0
11.904298780,0,0,1
11.904300090,0,1,1
11.904318190,0,1,0
11.904319500,0,0,0
12.437944800,1,0,0
12.446066670,0,0,0
12.446347700,0,0,1
12.446351250,0,1,1
12.446367070,0,1,0
12.446370630,0,0,0
12.979950190,1,0,0
12.988079580,0,0,0
12.988361420,0,0,1
12.988362600,0,1,1
12.988380790,0,1,0
12.988382010,0,0,0
13.522067690,1,0,0
13.530167980,0,0,0
13.530449140,0,1,0
13.530450460,0,1,1
13.530468560,0,0,1
13.530469870,0,0,0
14.064110940,1,0,0
14.072233030,0,0,0
14.072514360,0,0,1
14.072515260,0,1,1
14.072533700,0,1,0
14.072534590,0,0,0
14.606154730,1,0,0
14.614276590,0,0,0
14.614558210,0,0,1
14.614561570,0,1,1
14.614577540,0,1,0
14.614581020,0,0,0
15.148265920,1,0,0
15.156338310,0,0,0
15.156621980,0,0,1
15.156622600,0,1,1
15.156641370,0,1,0
15.156641970,0,0,0
15.690248700,1,0,0
15.698370740,0,0,0
15.698650170,0,0,1
15.698653480,0,1,1
15.698669500,0,1,0
15.698672820,0,0,0
16.232274040,1,0,0
16.240396600,0,0,0
16.240679480,0,0,1
16.240680320,0,1,1
16.240698850,0,1,0
16.240699700,0,0,0
16.774324420,1,0,0
16.782443940,0,0,0
16.782726410,0,1,0
16.782728290,0,1,1
16.782745850,0,0,1
16.782747660,0,0,0
17.316391000,1,0,0
17.324512670,0,0,0
17.324792120,0,0,1
17.324793080,0,1,1
17.324811490,0,1,0
17.324812540,0,0,0
17.858408400,1,0,0
17.866529880,0,0,0
17.866810940,0,0,1
17.866814040,0,1,1
17.866830330,0,1,0
17.866833500,0,0,0
18.400546000,1,0,0
18.408665520,0,0,0
18.408949720,0,0,1
18.408950410,0,1,1
18.408969090,0,1,0
18.408969820,0,0,0
18.942579740,1,0,0
18.950699550,0,0,0
18.950981740,0,1,0
18.950983520,0,1,1
18.951001210,0,0,1
18.951002850,0,0,0
19.484635770,1,0,0
19.492763500,0,0,0
19.493047190,0,0,1
19.493047710,0,1,1
19.493066640,0,1,0
19.493067080,0,0,0
20.026709610,1,0,0
20.034829530,0,0,0
20.035114320,0,1,0
20.035116040,0,1,1
20.035133730,0,0,1
20.035135450,0,0,0
20.568778580,1,0,0
20.576899160,0,0,0
20.577180050,0,1,0
20.577184910,0,1,1
20.577199510,0,0,1
20.577204280,0,0,0
21.110868560,1,0,0
21.118990870,0,0,0
21.119270570,0,1,0
21.119273520,0,1,1
21.119290090,0,0,1
21.119292940,0,0,0
21.653003210,1,0,0
21.661103200,0,0,0
21.661382490,0,0,1
21.661382780,0,1,1
21.661401900,0,1,0
21.661402200,0,0,0
22.195045470,1,0,0
22.203167470,0,0,0
22.203449200,0,1,0
22.203451180,0,1,1
22.203468550,0,0,1
22.203470560,0,0,0
22.737034410,1,0,0
22.745156840,0,0,0
22.745439960,0,0,1
22.745459480,0,0,0
22.745498100,0,1,0
22.745517490,0,0,0
23.279140130,1,0,0
23.287270480,0,0,0
23.287551470,0,1,0
23.287553480,0,1,1
23.287570860,0,0,1
23.287638340,0,0,0
23.821172060,1,0,0
23.829292540,0,0,0
23.829572500,0,0,1
23.829573050,0,1,1
23.829591920,0,1,0
23.829592420,0,0,0
24.363160190,1,0,0
24.371281740,0,0,0
24.371564190,0,1,0
24.371566210,0,1,1
24.371583580,0,0,1
24.371585620,0,0,0
24.905269990,1,0,0
24.913400640,0,0,0
24.913680160,0,0,1
24.913680730,0,1,1
24.913699620,0,1,0
24.913700110,0,0,0
25.447317520,1,0,0
25.455437170,0,0,0
25.455721610,0,1,0
25.455722970,0,1,1
25.455741040,0,0,1
25.455742420,0,0,0
25.989348570,1,0,0
25.997470610,0,0,0
25.997752560,0,0,1
25.997752690,0,1,1
25.997771890,0,1,0
25.997772110,0,0,0
26.531427700,1,0,0
26.539549710,0,0,0
26.539829120,0,1,0
26.539831380,0,1,1
26.539848540,0,0,1
26.539850810,0,0,0
27.073492820,1,0,0
27.081615610,0,0,0
27.081895140,0,1,0
27.081895250,0,1,1
27.081914590,0,0,1
27.081914730,0,0,0
27.615564380,1,0,0
27.623693690,0,0,0
27.623973920,0,0,1
27.623975470,0,1,1
27.623993250,0,1,0
27.623994840,0,0,0
28.157690920,1,0,0
28.165823230,0,0,0
28.166102310,0,0,1
28.166102850,0,1,1
28.166121730,0,1,0
28.166122260,0,0,0
28.699758580,1,0,0
28.707878730,0,0,0
28.708158950,0,1,0
28.708161270,0,1,1
28.708178430,0,0,1
28.708180660,0,0,0
29.241792160,1,0,0
29.249913640,0,0,0
29.250194810,0,0,1
29.250195110,0,1,1
29.250214180,0,1,0
29.250214440,0,0,0
29.783875170,1,0,0
29.792007210,0,0,0
30.325959330,1,0,0
30.334081030,0,0,0
30.334361890,0,0,1
30.334362040,0,1,1
30.334381360,0,1,0
30.334381400,0,0,0
30.867932720,1,0,0
30.876053250,0,0,0
30.876335920,0,0,1
30.876338410,0,1,1
30.876355300,0,1,0
30.876357800,0,0,0
31.410020060,1,0,0
31.418140590,0,0,0
31.418424790,0,0,1
31.418424950,0,1,1
31.418444210,0,1,0
31.418444320,0,0,0
31.952059170,1,0,0
31.960179770,0,0,0
31.960460760,0,1,0
31.960463540,0,1,1
31.960480150,0,0,1
31.960482910,0,0,0
32.494122940,1,0,0
32.502245310,0,0,0
32.502527260,0,1,0
32.502527420,0,1,1
32.502546600,0,0,1
32.502546800,0,0,0
33.036153940,1,0,0
33.044273830,0,0,0
33.044555770,0,0,1
33.044558410,0,1,1
33.044575250,0,1,0
33.044577780,0,0,0
33.578191570,1,0,0
33.586313380,0,0,0
33.586594540,0,1,0
33.586594700,0,1,1
33.586613960,0,0,1
33.586614110,0,0,0
34.120228610,1,0,0
34.128351620,0,0,0
34.128630970,0,1,0
34.128633520,0,1,1
34.128650300,0,0,1
34.128652930,0,0,0
34.662325900,1,0,0
34.670455600,0,0,0
34.670737340,0,1,1
34.670756750,0,0,0
35.204404160,1,0,0
35.212526050,0,0,0
35.212806260,0,0,1
35.212808290,0,1,1
35.212825630,0,1,0
35.212827750,0,0,0
35.746481740,1,0,0
35.754602670,0,0,0
35.754884570,0,1,0
35.754884820,0,1,1
35.754903900,0,0,1
35.754904280,0,0,0
36.288613400,1,0,0
36.296743600,0,0,0
36.297025650,0,1,0
36.297028260,0,1,1
36.297045020,0,0,1
36.297047640,0,0,0
36.830630890,1,0,0
36.838753000,0,0,0
36.839036740,0,1,0
36.839037280,0,1,1
36.839056160,0,0,1
36.839056660,0,0,0
37.372723740,1,0,0
37.380851420,0,0,0
37.381132980,0,1,0
37.381135760,0,1,1
37.381152350,0,0,1
37.381155070,0,0,0
37.914859810,1,0,0
37.922990990,0,0,0
37.923269650,0,0,1
37.923274230,0,1,1
37.923289050,0,1,0
37.923293650,0,0,0
38.456895530,1,0,0
38.465016900,0,0,0
38.465298340,0,0,1
38.465300380,0,1,1
38.465317750,0,1,0
38.465319750,0,0,0
38.998869600,1,0,0
39.006992380,0,0,0
39.007271350,0,1,0
39.007272180,0,1,1
39.007290740,0,0,1
39.007291600,0,0,0
39.540885040,1,0,0
39.549006890,0,0,0
39.549287470,0,1,0
39.549291480,0,1,1
39.549306970,0,0,1
39.549310900,0,0,0
40.082914960,1,0,0
40.091034540,0,0,0
40.091319430,0,0,1
40.091328360,0,1,1
40.091338840,0,1,0
40.091347820,0,0,0
40.624973690,1,0,0
40.633095310,0,0,0
40.633374860,0,1,0
40.633378430,0,1,1
40.633394270,0,0,1
40.633397850,0,0,0
41.167121790,1,0,0
41.175187060,0,0,0
41.175470990,0,1,0
41.175471770,0,1,1
41.175490280,0,0,1
41.175491140,0,0,0
41.709107770,1,0,0
41.717230560,0,0,0
41.717510850,0,0,1
41.717512540,0,1,1
41.717530230,0,1,0
41.717531870,0,0,0
42.251166710,1,0,0
42.259296100,0,0,0
42.259578620,0,1,0
42.259579310,0,1,1
42.259598030,0,0,1
42.259598680,0,0,0
42.793272680,1,0,0
42.801402970,0,0,0
42.801682990,0,0,1
42.801684790,0,1,1
42.801702410,0,1,0
42.801704250,0,0,0
43.335304320,1,0,0
43.343424200,0,0,0
43.343705660,0,1,0
43.343706940,0,1,1
43.343725120,0,0,1
43.343726270,0,0,0
43.877356110,1,0,0
43.885477920,0,0,0
43.885760430,0,0,1
43.885762150,0,1,1
43.885779810,0,1,0
43.885781610,0,0,0
44.419444900,1,0,0
44.427511210,0,0,0
44.427793060,0,1,0
44.427794150,0,1,1
44.427812500,0,0,1
44.427813530,0,0,0
44.961383200,1,0,0
44.969504450,0,0,0
44.969784480,0,1,0
44.969787940,0,1,1
44.969803870,0,0,1
44.969807390,0,0,0
45.503409400,1,0,0
45.511532150,0,0,0
45.511810600,0,1,0
45.511811570,0,1,1
45.511830010,0,0,1
45.511830900,0,0,0
46.045453990,1,0,0
46.053582740,0,0,0
46.053865290,0,0,1
46.053866640,0,1,1
46.053884660,0,1,0
46.053886010,0,0,0
46.587472340,1,0,0
46.595595130,0,0,0
46.595873670,0,0,1
46.595878190,0,1,1
46.595893060,0,1,0
46.595897570,0,0,0
47.129458030,1,0,0
47.137577970,0,0,0
47.137862210,0,0,1
47.137864180,0,1,1
47.137881620,0,1,0
47.137883580,0,0,0
47.671540120,1,0,0
47.679669720,0,0,0
47.679951360,0,0,1
47.679955220,0,1,1
47.679970770,0,1,0
47.679974550,0,0,0
48.213506380,1,0,0
48.221626580,0,0,0
48.221910110,0,0,1
48.221911290,0,1,1
48.221929520,0,1,0
48.221930700,0,0,0
48.755489450,1,0,0
48.763609420,0,0,0
48.763892530,0,1,0
48.763893250,0,1,1
48.763911940,0,0,1
48.763912650,0,0,0
49.297558600,1,0,0
49.305685030,0,0,0
49.305968560,0,1,0
49.305972420,0,1,1
49.305987970,0,0,1
49.305991880,0,0,0
49.839586290,1,0,0
49.847707200,0,0,0
49.847986000,0,0,1
49.847989570,0,1,1
49.848005460,0,1,0
49.848008940,0,0,0
50.381596100,1,0,0
50.389717270,0,0,0
50.389999750,0,0,1
50.390000950,0,1,1
50.390019160,0,1,0
50.390020330,0,0,0
50.923700400,1,0,0
50.931799930,0,0,0
50.932081780,0,1,0
50.932083490,0,1,1
50.932101150,0,0,1
50.932102950,0,0,0
51.465709870,1,0,0
51.473831240,0,0,0
51.474112090,0,0,1
51.474113330,0,1,1
51.474131570,0,1,0
51.474132690,0,0,0
52.007739850,1,0,0
52.015862640,0,0,0
52.016144490,0,1,0
52.016145770,0,1,1
52.016163970,0,0,1
52.016165180,0,0,0
52.549830640,1,0,0
52.557959240,0,0,0
52.558193600,0,1,0
52.558212980,0,0,0
52.558244380,0,0,1
52.558263750,0,0,0
53.091866970,1,0,0
53.099988060,0,0,0
53.100268290,0,0,1
53.100271560,0,1,1
53.100287740,0,1,0
53.100290980,0,0,0
53.633846650,1,0,0
53.641969690,0,0,0
53.642247910,0,1,0
53.642251710,0,1,1
53.642267330,0,0,1
53.642271080,0,0,0
54.175933620,1,0,0
54.184054620,0,0,0
54.184338670,0,1,0
54.184358040,0,0,0
54.184393430,0,0,1
54.184412840,0,0,0
54.717899510,1,0,0
54.726022290,0,0,0
54.726304100,0,0,1
54.726305140,0,1,1
54.726323510,0,1,0
54.726324470,0,0,0
55.259810450,1,0,0
55.267932740,0,0,0
55.268212900,0,0,1
55.268216330,0,1,1
55.268232350,0,1,0
55.268235670,0,0,0
55.801891320,1,0,0
55.810020060,0,0,0
55.810302230,0,1,0
55.810306860,0,1,1
55.810321630,0,0,1
55.810326230,0,0,0
56.343875350,1,0,0
56.351996510,0,0,0
56.352261450,0,1,0
56.352275190,0,1,1
56.352280840,0,0,1
56.352294610,0,0,0
56.885813370,1,0,0
56.893935560,0,0,0
56.894218740,0,0,1
56.894219430,0,1,1
56.894238110,0,1,0
56.894238820,0,0,0
57.427867090,1,0,0
57.435998810,0,0,0
57.436277630,0,0,1
57.436280780,0,1,1
57.436297050,0,1,0
57.436300160,0,0,0
57.969839650,1,0,0
57.977958980,0,0,0
57.978241340,0,0,1
57.978241820,0,1,1
57.978260670,0,1,0
57.978261200,0,0,0
58.511883120,1,0,0
58.520003780,0,0,0
58.520284380,0,0,1
58.520287930,0,1,1
58.520303750,0,1,0
58.520307340,0,0,0
59.053968350,1,0,0
59.062098830,0,0,0
59.062379290,0,1,0
59.062398660,0,0,0
59.062408580,0,0,1
59.062427990,0,0,0
59.595977230,1,0,0
59.604099140,0,0,0
59.604380200,0,1,0
59.604382240,0,1,1
59.604399600,0,0,1
59.604401700,0,0,0
60.138010730,1,0,0
60.146139900,0,0,0
60.146407020,0,1,0
60.146420530,0,1,1
60.146426310,0,0,1
60.146439900,0,0,0
60.680112420,1,0,0
60.688242710,0,0,0
60.688522580,0,1,0
60.688524460,0,1,1
60.688542000,0,0,1
60.688610020,0,0,0
61.222083570,1,0,0
61.230204870,0,0,0
61.230488080,0,0,1
61.230488500,0,1,1
61.230507430,0,1,0
61.230507870,0,0,0
61.764082670,1,0,0
61.772210640,0,0,0
61.772494770,0,1,0
61.772496900,0,1,1
61.772514270,0,0,1
61.772516300,0,0,0
62.306185730,1,0,0
62.314330270,0,0,0
62.314611060,0,1,0
62.314615580,0,1,1
62.314630470,0,0,1
62.314635000,0,0,0
62.848210100,1,0,0
62.856332720,0,0,0
62.856612240,0,1,0
62.856613180,0,1,1
62.856631650,0,0,1
62.856632590,0,0,0
63.390207220,1,0,0
63.398329030,0,0,0
63.398612980,0,0,1
63.398613470,0,1,1
63.398632360,0,1,0
63.398632840,0,0,0
63.932239980,1,0,0
63.940370730,0,0,0
63.940651530,0,0,1
63.940654070,0,1,1
63.940670950,0,1,0
63.940673450,0,0,0
64.474252580,1,0,0
64.482383660,0,0,0
64.482665310,0,0,1
64.482665350,0,1,1
64.482684650,0,1,0
64.482684730,0,0,0
65.016192070,1,0,0
65.024312630,0,0,0
65.024593840,0,0,1
65.024596620,0,1,1
65.024613260,0,1,0
65.024615990,0,0,0
65.558294960,1,0,0
65.566424390,0,0,0
65.566707550,0,1,0
65.566707580,0,1,1
65.566726880,0,0,1
65.566726950,0,0,0
66.100294390,1,0,0
66.108415550,0,0,0
66.108696320,0,0,1
66.108698870,0,1,1
66.108715650,0,1,0
66.108718160,0,0,0
66.642234190,1,0,0
66.650370850,0,0,0
66.650650010,0,1,0
66.650654550,0,1,1
66.650669380,0,0,1
66.650673860,0,0,0
67.184311440,1,0,0
67.192442540,0,0,0
67.192722980,0,0,1
67.192726000,0,1,1
67.192742310,0,1,0
67.192745390,0,0,0
67.726330540,1,0,0
67.734450510,0,0,0
67.734731940,0,1,0
67.734732080,0,1,1
67.734751310,0,0,1
67.734751540,0,0,0
68.268319670,1,0,0
68.276440810,0,0,0
68.276720830,0,0,1
68.276722970,0,1,1
68.276740210,0,1,0
68.276742380,0,0,0
68.810264320,1,0,0
68.818385210,0,0,0
68.818668290,0,0,1
68.818669100,0,1,1
68.818687620,0,1,0
68.818688510,0,0,0
69.352236530,1,0,0
69.360358400,0,0,0
69.360638120,0,0,1
69.360640420,0,1,1
69.360657540,0,1,0
69.360659880,0,0,0
69.894146200,1,0,0
69.902268800,0,0,0
69.902551300,0,1,0
69.902551580,0,1,1
69.902570680,0,0,1
69.902571000,0,0,0
70.436180180,1,0,0
70.444298210,0,0,0
70.444580100,0,0,1
70.444582480,0,1,1
70.444599470,0,1,0
70.444601810,0,0,0
70.978160610,1,0,0
70.986281860,0,0,0
70.986563610,0,1,0
70.986583020,0,0,0
71.520093550,1,0,0
71.528215150,0,0,0
71.528476900,0,1,0
71.528496280,0,0,0
71.528497000,0,0,1
71.528516410,0,0,0
72.062092440,1,0,0
72.070222190,0,0,0
72.070506060,0,1,0
72.070506240,0,1,1
72.070525410,0,0,1
72.070525620,0,0,0
72.604073690,1,0,0
72.612212210,0,0,0
72.612491910,0,1,0
72.612494680,0,1,1
72.612511250,0,0,1
72.612514030,0,0,0
73.145991640,1,0,0
73.154114490,0,0,0
73.154392470,0,1,0
73.154393300,0,1,1
73.154411880,0,0,1
73.154412670,0,0,0
73.688002300,1,0,0
73.696069070,0,0,0
73.696349140,0,1,0
73.696352000,0,1,1
73.696368470,0,0,1
73.696371330,0,0,0
74.229828150,1,0,0
74.237949860,0,0,0
74.238179430,0,0,1
74.238198810,0,0,0
74.238230160,0,1,0
74.238249550,0,0,0
74.771782690,1,0,0
74.779905240,0,0,0
74.780184320,0,0,1
74.780186540,0,1,1
74.780203690,0,1,0
74.780205910,0,0,0
75.313778990,1,0,0
75.321900050,0,0,0
75.322182580,0,1,0
75.322182680,0,1,1
75.322202000,0,0,1
75.322202100,0,0,0
75.855751420,1,0,0
75.863871500,0,0,0
75.864151970,0,0,1
75.864153730,0,1,1
75.864171260,0,1,0
75.864173190,0,0,0
76.397729530,1,0,0
76.405852450,0,0,0
76.406135160,0,0,1
76.406154540,0,0,0
76.939830540,1,0,0
76.947960600,0,0,0
76.948240090,0,1,0
76.948243800,0,1,1
76.948259510,0,0,1
76.948263190,0,0,0
77.481886340,1,0,0
77.490003760,0,0,0
77.490286610,0,1,0
77.490287140,0,1,1
77.490306070,0,0,1
77.490306550,0,0,0
78.023848390,1,0,0
78.031977930,0,0,0
78.032261250,0,0,1
78.032262770,0,1,1
78.032280660,0,1,0
78.032282230,0,0,0
78.565905290,1,0,0
78.574036700,0,0,0
78.574318570,0,1,0
78.574319750,0,1,1
78.574337940,0,0,1
78.574339170,0,0,0
79.107901490,1,0,0
79.116021460,0,0,0
79.116303690,0,0,1
79.116305040,0,1,1
79.116323020,0,1,0
79.116324420,0,0,0
79.649901950,1,0,0
79.658023710,0,0,0
79.658306040,0,1,0
79.658306980,0,1,1
79.658325410,0,0,1
79.658326360,0,0,0
80.191959410,1,0,0
80.200079860,0,0,0
80.200360710,0,0,1
80.200362070,0,1,1
80.200380080,0,1,0
80.200381450,0,0,0
80.733981050,1,0,0
80.742102440,0,0,0
80.742383570,0,1,0
80.742384350,0,1,1
80.742403020,0,0,1
80.742403720,0,0,0
81.276027800,1,0,0
81.284149730,0,0,0
81.284429750,0,1,0
81.284432850,0,1,1
81.284449180,0,0,1
81.284452180,0,0,0
81.818066960,1,0,0
81.826197290,0,0,0
81.826480590,0,1,0
81.826481300,0,1,1
81.826500050,0,0,1
81.826500690,0,0,0
82.360114390,1,0,0
82.368235990,0,0,0
82.368516490,0,1,0
82.368519880,0,1,1
82.368535870,0,0,1
82.368539210,0,0,0
82.902109430,1,0,0
82.910231030,0,0,0
82.910512600,0,1,0
82.910513730,0,1,1
82.910532060,0,0,1
82.910533140,0,0,0
83.444204090,1,0,0
83.452325210,0,0,0
83.452603810,0,1,0
83.452607510,0,1,1
83.452623270,0,0,1
83.452626910,0,0,0
83.986198770,1,0,0
83.994320270,0,0,0
83.994600920,0,0,1
83.994605140,0,1,1
83.994620330,0,1,0
83.994624600,0,0,0
84.528212240,1,0,0
84.536334970,0,0,0
84.536614160,0,0,1
84.536616080,0,1,1
84.536633530,0,1,0
84.536635450,0,0,0
85.070336110,1,0,0
85.078467320,0,0,0
85.078747190,0,1,0
85.078748190,0,1,1
85.078766580,0,0,1
85.078767610,0,0,0
85.612385640,1,0,0
85.620507120,0,0,0
85.620779480,0,0,1
85.620787980,0,1,1
85.620798890,0,1,0
85.620807310,0,0,0
86.154398680,1,0,0
86.162519800,0,0,0
86.162800450,0,0,1
86.162804410,0,1,1
86.162819780,0,1,0
86.162823870,0,0,0
86.696487790,1,0,0
86.704617740,0,0,0
86.704898750,0,0,1
86.704918120,0,0,0
86.704918820,0,1,0
86.704938230,0,0,0
87.238502940,1,0,0
87.246622790,0,0,0
87.246898150,0,0,1
87.246906520,0,1,1
87.246917520,0,1,0
87.246925850,0,0,0
87.780492600,1,0,0
87.788613320,0,0,0
87.788896200,0,0,1
87.788897470,0,1,1
87.788915610,0,1,0
87.788916800,0,0,0
88.322590250,1,0,0
88.330718950,0,0,0
88.331003670,0,1,0
88.331004870,0,1,1
88.331023050,0,0,1
88.331024210,0,0,0
88.864599850,1,0,0
88.872721060,0,0,0
88.873001900,0,0,1
88.873004820,0,1,1
88.873021280,0,1,0
88.873024200,0,0,0
89.406584590,1,0,0
89.414707500,0,0,0
89.414985790,0,1,0
89.414987020,0,1,1
89.415005190,0,0,1
89.415006350,0,0,0
89.948653270,1,0,0
89.956772350,0,0,0
89.957055610,0,0,1
89.957056950,0,1,1
89.957074980,0,1,0
89.957076360,0,0,0
90.490678210,1,0,0
90.498797690,0,0,0
90.499064520,0,1,0
90.499079430,0,1,1
90.499083930,0,0,1
90.499098840,0,0,0
91.032711960,1,0,0
91.040833770,0,0,0
91.041112750,0,0,1
91.041113990,0,1,1
91.041132180,0,1,0
91.041133410,0,0,0
91.574748870,1,0,0
91.582880560,0,0,0
91.583160360,0,1,0
91.583161730,0,1,1
91.583179860,0,0,1
91.583181190,0,0,0
92.116702140,1,0,0
92.124824990,0,0,0
92.125105030,0,0,1
92.125106120,0,1,1
92.125124410,0,1,0
92.125125410,0,0,0
92.658683740,1,0,0
92.666803490,0,0,0
92.667083500,0,0,1
92.667087480,0,1,1
92.667102870,0,1,0
92.667106870,0,0,0
93.200799050,1,0,0
93.208930520,0,0,0
93.209212170,0,0,1
93.209212840,0,1,1
93.209231540,0,1,0
93.209232180,0,0,0
93.742830290,1,0,0
93.750953270,0,0,0
93.751234640,0,1,0
93.751236020,0,1,1
93.751254060,0,0,1
93.751255440,0,0,0
94.284780580,1,0,0
94.292903050,0,0,0
94.293184650,0,0,1
94.293204070,0,0,0
94.293224050,0,1,0
94.293243380,0,0,0
94.826833840,1,0,0
94.834930610,0,0,0
94.835213400,0,0,1
94.835216970,0,1,1
94.835232730,0,1,0
94.835236350,0,0,0
95.368809400,1,0,0
95.376931890,0,0,0
95.377211930,0,0,1
95.377212810,0,1,1
95.377231320,0,1,0
95.377232230,0,0,0
95.910884180,1,0,0
95.919005670,0,0,0
95.919284990,0,0,1
95.919288550,0,1,1
95.919304360,0,1,0
95.919308000,0,0,0
96.453029620,1,0,0
96.461094740,0,0,0
96.461374840,0,1,0
96.461378930,0,1,1
96.461394210,0,0,1
96.461398420,0,0,0
96.995013880,1,0,0
97.003135250,0,0,0
97.003412220,0,0,1
97.003415840,0,1,1
97.003431590,0,1,0
97.003435130,0,0,0
97.537057040,1,0,0
97.545180320,0,0,0
97.545461240,0,0,1
97.545462340,0,1,1
97.545480570,0,1,0
97.545481760,0,0,0
98.079176730,1,0,0
98.087304870,0,0,0
98.087587680,0,1,0
98.087589800,0,1,1
98.087607010,0,0,1
98.087609170,0,0,0
98.621137490,1,0,0
98.629259280,0,0,0
98.629539510,0,1,0
98.629543540,0,1,1
98.629558920,0,0,1
98.629562940,0,0,0
99.163130350,1,0,0
99.171252720,0,0,0
99.171531980,0,0,1
99.171535490,0,1,1
99.171551350,0,1,0
99.171554900,0,0,0
99.705197710,1,0,0
99.713327650,0,0,0
99.713610660,0,0,1
99.713611630,0,1,1
99.713630120,0,1,0
99.713630960,0,0,0
100.247241340,1,0,0
100.255358630,0,0,0
100.255642600,0,1,0
100.255644530,0,1,1
100.255661980,0,0,1
100.255663900,0,0,0
100.789248270,1,0,0
100.797368550,0,0,0
100.797648380,0,1,0
100.797652920,0,1,1
100.797667840,0,0,1
100.797672290,0,0,0
101.331328290,1,0,0
101.339457810,0,0,0
101.339739620,0,1,0
101.339741470,0,1,1
101.339758990,0,0,1
101.339760890,0,0,0
101.873297650,1,0,0
101.881418790,0,0,0
101.881699800,0,0,1
101.881700690,0,1,1
101.881719210,0,1,0
101.881720100,0,0,0
102.415334320,1,0,0
102.423465710,0,0,0
102.423747020,0,1,0
102.423748680,0,1,1
102.423766310,0,0,1
102.423768050,0,0,0
102.957463840,1,0,0
102.965544380,0,0,0
102.965827120,0,0,1
102.965828030,0,1,1
102.965846480,0,1,0
102.965847440,0,0,0
103.499460390,1,0,0
103.507581610,0,0,0
103.507863920,0,1,0
103.507865720,0,1,1
103.507883250,0,0,1
103.507885130,0,0,0
104.041500580,1,0,0
104.049628360,0,0,0
104.049909240,0,0,1
104.049909900,0,1,1
104.049928550,0,1,0
104.049929270,0,0,0
104.583633640,1,0,0
104.591734260,0,0,0
104.592012770,0,0,1
104.592016040,0,1,1
104.592032200,0,1,0
104.592035450,0,0,0
105.125638850,1,0,0
105.133777300,0,0,0
105.134056860,0,0,1
105.134057290,0,1,1
105.134076230,0,1,0
105.134076660,0,0,0
105.667590060,1,0,0
105.675712030,0,0,0
105.675993340,0,1,0
105.675995250,0,1,1
105.676012760,0,0,1
105.676014710,0,0,0
106.209670050,1,0,0
106.217789670,0,0,0
106.218073940,0,0,1
106.218074250,0,1,1
106.218093280,0,1,0
106.218093670,0,0,0
106.751717590,1,0,0
106.759840270,0,0,0
106.760120160,0,1,0
106.760122380,0,1,1
106.760139540,0,0,1
106.760141750,0,0,0
107.293710980,1,0,0
107.301831690,0,0,0
107.302110810,0,0,1
107.302111620,0,1,1
107.302130150,0,1,0
107.302130990,0,0,0
107.835758440,1,0,0
107.843888120,0,0,0
107.844169290,0,0,1
107.844172550,0,1,1
107.844188660,0,1,0
107.844191920,0,0,0
108.377770240,1,0,0
108.385891300,0,0,0
108.386172610,0,0,1
108.386173450,0,1,1
108.386192050,0,1,0
108.386192910,0,0,0
108.919739130,1,0,0
108.927869960,0,0,0
108.928149410,0,1,0
108.928151560,0,1,1
108.928168820,0,0,1
108.928170930,0,0,0
109.461823580,1,0,0
109.469953740,0,0,0
109.470235360,0,0,1
109.470235620,0,1,1
109.470254690,0,1,0
109.470255080,0,0,0
110.003799650,1,0,0
110.011936730,0,0,0
110.012216380,0,1,0
110.012218320,0,1,1
110.012235840,0,0,1
110.012237700,0,0,0
110.545846780,1,0,0
110.553966800,0,0,0
110.554252290,0,0,1
110.554252500,0,1,1
110.554271660,0,1,0
110.554271920,0,0,0
111.087967680,1,0,0
111.096097080,0,0,0
111.096378350,0,1,0
111.096380620,0,1,1
111.096397760,0,0,1
111.096400000,0,0,0
111.630026730,1,0,0
111.638145000,0,0,0
111.638429860,0,1,0
111.638449270,0,0,0
111.638495770,0,0,1
111.638515140,0,0,0
112.172077510,1,0,0
112.180200460,0,0,0
112.180480810,0,1,0
112.180483210,0,1,1
112.180500220,0,0,1
112.180502540,0,0,0
112.714135410,1,0,0
112.722233170,0,0,0
112.722516350,0,0,1
112.722516740,0,1,1
112.722535770,0,1,0
112.722536150,0,0,0
113.256091620,1,0,0
113.264215060,0,0,0
113.264495140,0,0,1
113.264497510,0,1,1
113.264514570,0,1,0
113.264516930,0,0,0
113.798121920,1,0,0
113.806243810,0,0,0
113.806523260,0,0,1
113.806523960,0,1,1
113.806542700,0,1,0
113.806543290,0,0,0
114.340225440,1,0,0
114.348348290,0,0,0
114.348630200,0,1,0
114.348632300,0,1,1
114.348649570,0,0,1
114.348651650,0,0,0
114.882275400,1,0,0
114.890394790,0,0,0
114.890675330,0,0,1
114.890675810,0,1,1
114.890694740,0,1,0
114.890695230,0,0,0
115.424265720,1,0,0
115.432388690,0,0,0
115.432669280,0,0,1
115.432671730,0,1,1
115.432688650,0,1,0
115.432691110,0,0,0
115.966317090,1,0,0
115.974439670,0,0,0
115.974722510,0,1,0
115.974722880,0,1,1
115.974741840,0,0,1
115.974742210,0,0,0
116.508375130,1,0,0
116.516496520,0,0,0
116.516776370,0,0,1
116.516779020,0,1,1
116.516795840,0,1,0
116.516798390,0,0,0
117.050377230,1,0,0
117.058499830,0,0,0
117.058779840,0,1,0
117.058780040,0,1,1
117.058799280,0,0,1
117.058799500,0,0,0
117.592468710,1,0,0
117.600586830,0,0,0
117.600870930,0,1,0
117.600873410,0,1,1
117.600890260,0,0,1
117.600892820,0,0,0
118.134518710,1,0,0
118.142640890,0,0,0
118.142919360,0,1,0
118.142922310,0,1,1
118.142938840,0,0,1
118.142941640,0,0,0
118.676558470,1,0,0
118.684681470,0,0,0
118.684960570,0,0,1
118.684963010,0,1,1
118.684979940,0,1,0
118.684982410,0,0,0
119.218617590,1,0,0
119.226717370,0,0,0
119.226998670,0,1,0
119.226999240,0,1,1
119.227018070,0,0,1
119.227018670,0,0,0
119.760609040,1,0,0
119.768730350,0,0,0
119.769009940,0,1,0
119.769012470,0,1,1
119.769029310,0,0,1
119.769031840,0,0,0
120.302617090,1,0,0
120.310738130,0,0,0
120.311020950,0,0,1
120.311020960,0,1,1
120.311040330,0,0,0
120.844694920,1,0,0
120.852790450,0,0,0
120.853072000,0,1,0
120.853075020,0,1,1
120.853091370,0,0,1
120.853094430,0,0,0
121.386637050,1,0,0
121.394755440,0,0,0
121.395038210,0,1,0
121.395038670,0,1,1
121.395057540,0,0,1
121.395058040,0,0,0
121.928611730,1,0,0
121.936734430,0,0,0
121.937014380,0,1,0
121.937017020,0,1,1
121.937033750,0,0,1
121.937036400,0,0,0
122.470709110,1,0,0
122.478829380,0,0,0
122.479110530,0,0,1
122.479115170,0,1,1
122.479129900,0,1,0
122.479134550,0,0,0
123.012728640,1,0,0
123.020851660,0,0,0
123.021131150,0,1,0
123.021150610,0,0,0
123.129036800,0,0,0
