tx_time,rx_time,tx_time_ns,rx_time_ns,latency_us,latency_ms,tx_port,rx_port,rx_seq,data_hex
2026-09-15T21:20:30.451678+08:00,2026-09-15T21:20:30.482590+08:00,1789478430451678000,1789478430482590000,30912.000,30.912000,/dev/cu.usbserial-1120,/dev/cu.usbserial-A50285BI,12,0E399159A78E9E2A56E7A441DD85335C50D271C4EC3BEA26BE671B321534
2026-09-15T21:20:30.994021+08:00,2026-09-15T21:20:31.013714+08:00,1789478430994021000,1789478431013714000,19693.000,19.693000,/dev/cu.usbserial-1120,/dev/cu.usbserial-A50285BI,13,0E3ABCF5A976D1F7886E6F14C40C4F1ADEE51428F1F25CC19E0E88B3BB2E
2026-09-15T21:21:03.524578+08:00,2026-09-15T21:21:03.555284+08:00,1789478463524578000,1789478463555284000,30706.000,30.706000,/dev/cu.usbserial-1120,/dev/cu.usbserial-A50285BI,0,0E7684D85A8B589AA1BED8A62A01AE4121BAA26FFDA2A40C6A4299ADF82C
2026-09-15T21:21:04.066907+08:00,2026-09-15T21:21:04.096223+08:00,1789478464066907000,1789478464096223000,29316.000,29.316000,/dev/cu.usbserial-1120,/dev/cu.usbserial-A50285BI,1,0E77E63486FFBD356C182A0C6B18DCBA561AB4847DB10F4ADCA4D4A80869
2026-09-15T21:21:04.608976+08:00,2026-09-15T21:21:04.627716+08:00,1789478464608976000,1789478464627716000,18740.000,18.740000,/dev/cu.usbserial-1120,/dev/cu.usbserial-A50285BI,2,0E783CCED562641FC8D9948C40BD4DAF631A14A7C95A01B6EB3D069C4A9A
2026-09-15T21:21:05.151125+08:00,2026-09-15T21:21:05.181599+08:00,1789478465151125000,1789478465181599000,30474.000,30.474000,/dev/cu.usbserial-1120,/dev/cu.usbserial-A50285BI,3,0E7900B15FD380C4461956B62965E1D66D3119FB9FFA59641D77ED508496
2026-09-15T21:21:05.693118+08:00,2026-09-15T21:21:05.712888+08:00,1789478465693118000,1789478465712888000,19770.000,19.770000,/dev/cu.usbserial-1120,/dev/cu.usbserial-A50285BI,4,0E7A605CDD3B829F86B83B86E20A1371C0D97D0A8C2EE76938F282EAE82A
2026-09-15T21:21:06.235561+08:00,2026-09-15T21:21:06.265842+08:00,1789478466235561000,1789478466265842000,30281.000,30.281000,/dev/cu.usbserial-1120,/dev/cu.usbserial-A50285BI,5,0E7BD1C960F4F3822E41B1EA9650470D42EEF3C7A66F3E21356A0D714538
2026-09-15T21:21:06.777646+08:00,2026-09-15T21:21:06.797050+08:00,1789478466777646000,1789478466797050000,19404.000,19.404000,/dev/cu.usbserial-1120,/dev/cu.usbserial-A50285BI,6,0E7C6730C22B0499968F9907D462E50CA7D27B50FD7B4E30F35DFE12FF9F
2026-09-15T21:21:07.861602+08:00,2026-09-15T21:21:07.891780+08:00,1789478467861602000,1789478467891780000,30178.000,30.178000,/dev/cu.usbserial-1120,/dev/cu.usbserial-A50285BI,7,0E7E94D68383C62C1E92C5DD07F8B621735C7B0C82D9BDAE2B79BCECE773
2026-09-15T21:21:08.403958+08:00,2026-09-15T21:21:08.432956+08:00,1789478468403958000,1789478468432956000,28998.000,28.998000,/dev/cu.usbserial-1120,/dev/cu.usbserial-A50285BI,8,0E7FD61D2024D96458CF08D01A15EF34A132E7C749FD677CB99E1120CE0C
2026-09-15T21:21:08.946089+08:00,2026-09-15T21:21:08.964488+08:00,1789478468946089000,1789478468964488000,18399.000,18.399000,/dev/cu.usbserial-1120,/dev/cu.usbserial-A50285BI,9,0E807835464EB390316DA3B4183B03EDEAC7342CAA9BC6A6DBBCC62BA75F
2026-09-15T21:21:09.488202+08:00,2026-09-15T21:21:09.517920+08:00,1789478469488202000,1789478469517920000,29718.000,29.718000,/dev/cu.usbserial-1120,/dev/cu.usbserial-A50285BI,10,0E81CA46D16BBD1A60B36BF709EFCCBF597F10FBA7E06EBCBCEAAD333ECF
2026-09-15T21:21:10.030441+08:00,2026-09-15T21:21:10.049611+08:00,1789478470030441000,1789478470049611000,19170.000,19.170000,/dev/cu.usbserial-1120,/dev/cu.usbserial-A50285BI,11,0E826F10E1D4409B4ECD6293CF5956CABFE22A7CB3538673689874DD6CD7
2026-09-15T21:21:10.572575+08:00,2026-09-15T21:21:10.602169+08:00,1789478470572575000,1789478470602169000,29594.000,29.594000,/dev/cu.usbserial-1120,/dev/cu.usbserial-A50285BI,12,0E83F2E98D70392302B5CC955A693F9928FACC7F6C7E97E4C06FBDCD4727
2026-09-15T21:21:11.114752+08:00,2026-09-15T21:21:11.133606+08:00,1789478471114752000,1789478471133606000,18854.000,18.854000,/dev/cu.usbserial-1120,/dev/cu.usbserial-A50285BI,13,0E841F86551AEF3DDED5FF5DA0BAC4AC10782D23064D269127FBEAEE168B
2026-09-15T21:21:41.475279+08:00,2026-09-15T21:21:41.505500+08:00,1789478501475279000,1789478501505500000,30221.000,30.221000,/dev/cu.usbserial-1120,/dev/cu.usbserial-A50285BI,0,0EBC77FB2A1187149E16FE9B319C68B15EE12990648E0323AEB66862038F
2026-09-15T21:21:42.017731+08:00,2026-09-15T21:21:42.036820+08:00,1789478502017731000,1789478502036820000,19089.000,19.089000,/dev/cu.usbserial-1120,/dev/cu.usbserial-A50285BI,1,0EBD816F72EEFA72FB849435FDDB687E640EFC308E4B0720020A04B8D00A
2026-09-15T21:21:42.559758+08:00,2026-09-15T21:21:42.589738+08:00,1789478502559758000,1789478502589738000,29980.000,29.980000,/dev/cu.usbserial-1120,/dev/cu.usbserial-A50285BI,2,0EBE794EC5100442575F2ADA4BF6DFDD288CD5F15C4C85B42F50FE9D6BDF
2026-09-15T21:21:43.102088+08:00,2026-09-15T21:21:43.121108+08:00,1789478503102088000,1789478503121108000,19020.000,19.020000,/dev/cu.usbserial-1120,/dev/cu.usbserial-A50285BI,3,0EBF7091C86777451A3929563906DE29B41DC28434621CE9B20E5BB65828
2026-09-15T21:21:43.644173+08:00,2026-09-15T21:21:43.674023+08:00,1789478503644173000,1789478503674023000,29850.000,29.850000,/dev/cu.usbserial-1120,/dev/cu.usbserial-A50285BI,4,0EC0E5FE38C7A025AF043C3E97C14724301DEE5ACCB394A33C951560FD0B
2026-09-15T21:21:44.186306+08:00,2026-09-15T21:21:44.205185+08:00,1789478504186306000,1789478504205185000,18879.000,18.879000,/dev/cu.usbserial-1120,/dev/cu.usbserial-A50285BI,5,0EC1D7AE230B953C0178EAEC9D1B9F31D762B62353DB33622B6EADB1565D
2026-09-15T21:21:44.728416+08:00,2026-09-15T21:21:44.758095+08:00,1789478504728416000,1789478504758095000,29679.000,29.679000,/dev/cu.usbserial-1120,/dev/cu.usbserial-A50285BI,6,0EC2984ED7FD4F13A531E44D5EABA85FAAE2791770D3CECBBB77833C6B07
2026-09-15T21:21:45.270586+08:00,2026-09-15T21:21:45.289396+08:00,1789478505270586000,1789478505289396000,18810.000,18.810000,/dev/cu.usbserial-1120,/dev/cu.usbserial-A50285BI,7,0EC365279CF27DAAD69A1D5DF9D2AC2CE61931F6EE93A0E7FBCBE795802A
2026-09-15T21:21:45.812761+08:00,2026-09-15T21:21:45.843064+08:00,1789478505812761000,1789478505843064000,30303.000,30.303000,/dev/cu.usbserial-1120,/dev/cu.usbserial-A50285BI,8,0EC4B8DD2236157C238C9D6C939C98043526C4CF3278DD288064EE9A1003
2026-09-15T21:21:46.354654+08:00,2026-09-15T21:21:46.374217+08:00,1789478506354654000,1789478506374217000,19563.000,19.563000,/dev/cu.usbserial-1120,/dev/cu.usbserial-A50285BI,9,0EC55AF9BA2DA93FE9B413280663CE8DA5B918827265042ED981046D788F
2026-09-15T21:21:46.897001+08:00,2026-09-15T21:21:46.927208+08:00,1789478506897001000,1789478506927208000,30207.000,30.207000,/dev/cu.usbserial-1120,/dev/cu.usbserial-A50285BI,10,0EC63A2746347E6E80B62E5A5737B9A45BAFEA05A5AAF64CC7C7444275EC
2026-09-15T21:21:47.439180+08:00,2026-09-15T21:21:47.458505+08:00,1789478507439180000,1789478507458505000,19325.000,19.325000,/dev/cu.usbserial-1120,/dev/cu.usbserial-A50285BI,11,0EC7FE3DF04A5C863614AB6CEBFE1F2505785E683AA7C9CA2B2888DC4D84
2026-09-15T21:21:47.981313+08:00,2026-09-15T21:21:48.011422+08:00,1789478507981313000,1789478508011422000,30109.000,30.109000,/dev/cu.usbserial-1120,/dev/cu.usbserial-A50285BI,12,0EC85C029C712412FECE2CB0775C396C123E55988B2F5AEABD8541D7CEE9
2026-09-15T21:21:48.523461+08:00,2026-09-15T21:21:48.542718+08:00,1789478508523461000,1789478508542718000,19257.000,19.257000,/dev/cu.usbserial-1120,/dev/cu.usbserial-A50285BI,13,0EC928AA1CD32566E6C8CD61BB53829DA3C580E50EACA7AC801406A5FA80
2026-09-15T21:22:21.593546+08:00,2026-09-15T21:22:21.623526+08:00,1789478541593546000,1789478541623526000,29980.000,29.980000,/dev/cu.usbserial-1120,/dev/cu.usbserial-A50285BI,0,0F064497EA44BA73B2BFE9BEADA810C0B90ACAC141811B2225BA3C3A6AAC
2026-09-15T21:22:22.135712+08:00,2026-09-15T21:22:22.164712+08:00,1789478542135712000,1789478542164712000,29000.000,29.000000,/dev/cu.usbserial-1120,/dev/cu.usbserial-A50285BI,1,0F0726F1A198E01F19C189A2C4EB2541E99627448FF8C2CFA5BBF002F27B
2026-09-15T21:22:22.678001+08:00,2026-09-15T21:22:22.696165+08:00,1789478542678001000,1789478542696165000,18164.000,18.164000,/dev/cu.usbserial-1120,/dev/cu.usbserial-A50285BI,2,0F083ED2BFFD5EA646316BB1D9E6FA12D24FE5AD3E39D6C7480A95646779
2026-09-15T21:22:23.220200+08:00,2026-09-15T21:22:23.249854+08:00,1789478543220200000,1789478543249854000,29654.000,29.654000,/dev/cu.usbserial-1120,/dev/cu.usbserial-A50285BI,3,0F091260470F324F78615916D90ABC46C36B643CF52201F9424B74C2FC79
2026-09-15T21:22:24.304579+08:00,2026-09-15T21:22:24.335160+08:00,1789478544304579000,1789478544335160000,30581.000,30.581000,/dev/cu.usbserial-1120,/dev/cu.usbserial-A50285BI,4,0F0B59ACC27D290064609E74EC9048D7763EFA082C6010577374839BD8F4
2026-09-15T21:22:24.846517+08:00,2026-09-15T21:22:24.876175+08:00,1789478544846517000,1789478544876175000,29658.000,29.658000,/dev/cu.usbserial-1120,/dev/cu.usbserial-A50285BI,5,0F0CAE13B997DDFEB34E9BF8CFFAB81B6BED1CD1EA274E7B1B4DC4C36A68
2026-09-15T21:22:25.388857+08:00,2026-09-15T21:22:25.407650+08:00,1789478545388857000,1789478545407650000,18793.000,18.793000,/dev/cu.usbserial-1120,/dev/cu.usbserial-A50285BI,6,0F0DE8C1C963EED15C43592FE7244657F8F77F1ED3FD40902202C788595A
2026-09-15T21:22:25.931003+08:00,2026-09-15T21:22:25.961418+08:00,1789478545931003000,1789478545961418000,30415.000,30.415000,/dev/cu.usbserial-1120,/dev/cu.usbserial-A50285BI,7,0F0E9D12EB9DA7812E22EB4F0F3C23B77537041476104BF83CF88C0BB587
2026-09-15T21:22:26.473174+08:00,2026-09-15T21:22:26.492587+08:00,1789478546473174000,1789478546492587000,19413.000,19.413000,/dev/cu.usbserial-1120,/dev/cu.usbserial-A50285BI,8,0F0FBAAAFEC0753B8DC9175220677C85693B950F76BEAC27E2FE741EBE16
2026-09-15T21:22:27.557422+08:00,2026-09-15T21:22:27.587535+08:00,1789478547557422000,1789478547587535000,30113.000,30.113000,/dev/cu.usbserial-1120,/dev/cu.usbserial-A50285BI,9,0F11530A708EFD17506F7207DB787FFD97EA6A080B66BBFB752BCE0D310D
2026-09-15T21:22:28.099514+08:00,2026-09-15T21:22:28.128658+08:00,1789478548099514000,1789478548128658000,29144.000,29.144000,/dev/cu.usbserial-1120,/dev/cu.usbserial-A50285BI,10,0F121A31E4343F346B9AD1988642E732443962852E4EFDDD3390192B578C
2026-09-15T21:22:28.641804+08:00,2026-09-15T21:22:28.659967+08:00,1789478548641804000,1789478548659967000,18163.000,18.163000,/dev/cu.usbserial-1120,/dev/cu.usbserial-A50285BI,11,0F1346A41A439118A9ED9012C6702EB5799F37517433A2C8478AA2A34821
2026-09-15T21:22:29.184020+08:00,2026-09-15T21:22:29.214715+08:00,1789478549184020000,1789478549214715000,30695.000,30.695000,/dev/cu.usbserial-1120,/dev/cu.usbserial-A50285BI,12,0F146BF340D3C4E9D6CF5135BC5A9E1F9B4AEB66BF3EBADB829E19BD7A56
2026-09-15T21:22:29.726165+08:00,2026-09-15T21:22:29.745923+08:00,1789478549726165000,1789478549745923000,19758.000,19.758000,/dev/cu.usbserial-1120,/dev/cu.usbserial-A50285BI,13,0F15AFD36251894CC9B7A2567CE73480B433C1D0005EE0A4F0D7C84987B2
2026-09-15T21:22:30.268311+08:00,2026-09-15T21:22:30.298836+08:00,1789478550268311000,1789478550298836000,30525.000,30.525000,/dev/cu.usbserial-1120,/dev/cu.usbserial-A50285BI,14,0F169E5D5E6A7EE598584B2D89F2376325C511F22A3052A00DE6E566A621
2026-09-15T21:22:31.894590+08:00,2026-09-15T21:22:31.924927+08:00,1789478551894590000,1789478551924927000,30337.000,30.337000,/dev/cu.usbserial-1120,/dev/cu.usbserial-A50285BI,15,0F191A76832D8158FCACA6984E13F2EB2585E212D7A7DBB309D6B1F5212A
2026-09-15T21:22:32.436703+08:00,2026-09-15T21:22:32.456022+08:00,1789478552436703000,1789478552456022000,19319.000,19.319000,/dev/cu.usbserial-1120,/dev/cu.usbserial-A50285BI,16,0F1AF6DF6F2F026E1A5EC778CC5D52431DFB20E4C0E9265970399E669898
2026-09-15T21:22:32.979114+08:00,2026-09-15T21:22:33.009118+08:00,1789478552979114000,1789478553009118000,30004.000,30.004000,/dev/cu.usbserial-1120,/dev/cu.usbserial-A50285BI,17,0F1B9330C54C2B9ACCECB863BBE17DFC809F402A5BA49460052DE3DA9EBB
2026-09-15T21:22:33.521267+08:00,2026-09-15T21:22:33.540397+08:00,1789478553521267000,1789478553540397000,19130.000,19.130000,/dev/cu.usbserial-1120,/dev/cu.usbserial-A50285BI,18,0F1C3D795749E461E44A93549F6492CD7CEF7BDCB02CC9C5204526568C09
2026-09-15T21:22:35.147774+08:00,2026-09-15T21:22:35.178371+08:00,1789478555147774000,1789478555178371000,30597.000,30.597000,/dev/cu.usbserial-1120,/dev/cu.usbserial-A50285BI,19,0F1F0EF49F530492BE6860649309B4A5A21EE27310A2682AC966717D738B
2026-09-15T21:22:35.689813+08:00,2026-09-15T21:22:35.709600+08:00,1789478555689813000,1789478555709600000,19787.000,19.787000,/dev/cu.usbserial-1120,/dev/cu.usbserial-A50285BI,20,0F20975816BD7979882F01C8995B727B037734EB10B65F330943098D62FE
2026-09-15T21:22:36.232428+08:00,2026-09-15T21:22:36.262601+08:00,1789478556232428000,1789478556262601000,30173.000,30.173000,/dev/cu.usbserial-1120,/dev/cu.usbserial-A50285BI,21,0F21506DA7F4265B24A1DF9157E57C5817C6B52381EBC868A6D40442F5DA
2026-09-15T21:22:36.774460+08:00,2026-09-15T21:22:36.793771+08:00,1789478556774460000,1789478556793771000,19311.000,19.311000,/dev/cu.usbserial-1120,/dev/cu.usbserial-A50285BI,22,0F2214C86AEA0C2B73013591A76799B526AB4D3BCE6281D4229E4816FB30
2026-09-15T21:22:37.858895+08:00,2026-09-15T21:22:37.888719+08:00,1789478557858895000,1789478557888719000,29824.000,29.824000,/dev/cu.usbserial-1120,/dev/cu.usbserial-A50285BI,23,0F248DECA882232E05C7C8A0219F7DEE37E4347C667965FE1F4A51D74908
2026-09-15T21:22:38.401025+08:00,2026-09-15T21:22:38.429921+08:00,1789478558401025000,1789478558429921000,28896.000,28.896000,/dev/cu.usbserial-1120,/dev/cu.usbserial-A50285BI,24,0F25143334A26EE344824EFB5A8C222D01D7E0E45D29D420D43528147993
2026-09-15T21:22:38.943158+08:00,2026-09-15T21:22:38.961132+08:00,1789478558943158000,1789478558961132000,17974.000,17.974000,/dev/cu.usbserial-1120,/dev/cu.usbserial-A50285BI,25,0F2635813D838CD0D462C2F268E8FFF800274671AF4382877CF254D815B2
2026-09-15T21:22:40.027660+08:00,2026-09-15T21:22:40.057894+08:00,1789478560027660000,1789478560057894000,30234.000,30.234000,/dev/cu.usbserial-1120,/dev/cu.usbserial-A50285BI,26,0F288C9DC1AA207B6230F7648A618F40BA76293AA8C55860A6BB4CFDD497
2026-09-15T21:22:40.570143+08:00,2026-09-15T21:22:40.598864+08:00,1789478560570143000,1789478560598864000,28721.000,28.721000,/dev/cu.usbserial-1120,/dev/cu.usbserial-A50285BI,27,0F29DBB605EC546772D404BB21F4858D1334CA02303BEA62F3ADAFBBD524
2026-09-15T21:22:41.111991+08:00,2026-09-15T21:22:41.129969+08:00,1789478561111991000,1789478561129969000,17978.000,17.978000,/dev/cu.usbserial-1120,/dev/cu.usbserial-A50285BI,28,0F2ADE347BEF44329E8D852CBEE7A44F865151D1FE3FF61573C7808326DB
2026-09-15T21:22:41.654346+08:00,2026-09-15T21:22:41.684895+08:00,1789478561654346000,1789478561684895000,30549.000,30.549000,/dev/cu.usbserial-1120,/dev/cu.usbserial-A50285BI,29,0F2BEE25B7429A024F5B4A3B9091F6E73E9D57AEAA7F3427E23A6BF29A52
2026-09-15T21:22:42.196448+08:00,2026-09-15T21:22:42.216197+08:00,1789478562196448000,1789478562216197000,19749.000,19.749000,/dev/cu.usbserial-1120,/dev/cu.usbserial-A50285BI,30,0F2CC295D9066B17634D595EE9934549F3307F8D89AD7550A5B5048758DD
2026-09-15T21:22:42.738646+08:00,2026-09-15T21:22:42.768963+08:00,1789478562738646000,1789478562768963000,30317.000,30.317000,/dev/cu.usbserial-1120,/dev/cu.usbserial-A50285BI,31,0F2D8210BE13888FA3E88008F27EF241E14E8DD5DEA2F81838CE56AE8E2D
2026-09-15T21:22:43.280843+08:00,2026-09-15T21:22:43.300307+08:00,1789478563280843000,1789478563300307000,19464.000,19.464000,/dev/cu.usbserial-1120,/dev/cu.usbserial-A50285BI,32,0F2E9BEAF8DF92E8F744AA691D3784717C0B3DA2CF467B576A203980E3B9
2026-09-15T21:22:44.364983+08:00,2026-09-15T21:22:44.395133+08:00,1789478564364983000,1789478564395133000,30150.000,30.150000,/dev/cu.usbserial-1120,/dev/cu.usbserial-A50285BI,33,0F301BBC2227C37D8DBF7C9715E4FDA306D2639F8000B989DF1C49C0ECC9
2026-09-15T21:22:44.906933+08:00,2026-09-15T21:22:44.936030+08:00,1789478564906933000,1789478564936030000,29097.000,29.097000,/dev/cu.usbserial-1120,/dev/cu.usbserial-A50285BI,34,0F31A51AC51A74C48CCEFDDDD24975D2C25709770DA0AAEA99E99B28E910
2026-09-15T21:22:45.991382+08:00,2026-09-15T21:22:46.021255+08:00,1789478565991382000,1789478566021255000,29873.000,29.873000,/dev/cu.usbserial-1120,/dev/cu.usbserial-A50285BI,35,0F33CB1F4D403E77FFDC8553C2E1F01A43AA35E861F9B3E551B48364915F
2026-09-15T21:22:47.075712+08:00,2026-09-15T21:22:47.105390+08:00,1789478567075712000,1789478567105390000,29678.000,29.678000,/dev/cu.usbserial-1120,/dev/cu.usbserial-A50285BI,36,0F35A26C3EC14730A2587AF28639DD88C93FD8C121346D42CA0EB921EAED
2026-09-15T21:22:47.617627+08:00,2026-09-15T21:22:47.646638+08:00,1789478567617627000,1789478567646638000,29011.000,29.011000,/dev/cu.usbserial-1120,/dev/cu.usbserial-A50285BI,37,0F364943C6D02276A71B8E4D8AC9A8BF8A71A77E0EFAEA19B21DC7D0F69F
2026-09-15T21:22:48.159974+08:00,2026-09-15T21:22:48.177780+08:00,1789478568159974000,1789478568177780000,17806.000,17.806000,/dev/cu.usbserial-1120,/dev/cu.usbserial-A50285BI,38,0F37143BA94C719913B25CF9E5A3F20BE26886C349C5E3B309B16125A4D2
2026-09-15T21:22:48.702161+08:00,2026-09-15T21:22:48.732588+08:00,1789478568702161000,1789478568732588000,30427.000,30.427000,/dev/cu.usbserial-1120,/dev/cu.usbserial-A50285BI,39,0F38AAFBDFBA4A482FE4F8AAE26CA66D10924A6141ED6A77DB6F6A1E521C
2026-09-15T21:22:49.244302+08:00,2026-09-15T21:22:49.263559+08:00,1789478569244302000,1789478569263559000,19257.000,19.257000,/dev/cu.usbserial-1120,/dev/cu.usbserial-A50285BI,40,0F3995600E89EDBB1B17B3C093EDB56DCBB75A4B40206E484010AE5258A5
2026-09-15T21:22:49.786413+08:00,2026-09-15T21:22:49.816608+08:00,1789478569786413000,1789478569816608000,30195.000,30.195000,/dev/cu.usbserial-1120,/dev/cu.usbserial-A50285BI,41,0F3A13B781F3DF3F097C6807426EA71CEE9F80DB6649CF0B8C8536B77688
2026-09-15T21:22:50.328499+08:00,2026-09-15T21:22:50.347828+08:00,1789478570328499000,1789478570347828000,19329.000,19.329000,/dev/cu.usbserial-1120,/dev/cu.usbserial-A50285BI,42,0F3BA9CDD7A1B6772DEE953DADE1F4D7EE767FD3573231EB4ADA5D240DF8
2026-09-15T21:22:50.870495+08:00,2026-09-15T21:22:50.900596+08:00,1789478570870495000,1789478570900596000,30101.000,30.101000,/dev/cu.usbserial-1120,/dev/cu.usbserial-A50285BI,43,0F3C7BA67C0FB35F71992B56EFC511CF11F26724B5E9915EE7DDA0960F24
2026-09-15T21:22:51.412823+08:00,2026-09-15T21:22:51.431958+08:00,1789478571412823000,1789478571431958000,19135.000,19.135000,/dev/cu.usbserial-1120,/dev/cu.usbserial-A50285BI,44,0F3D5C0EDBB3130EEA5C24803EC64B4B5E30AA6F4EE59BE5307E3734B6DA
2026-09-15T21:22:51.954916+08:00,2026-09-15T21:22:51.984780+08:00,1789478571954916000,1789478571984780000,29864.000,29.864000,/dev/cu.usbserial-1120,/dev/cu.usbserial-A50285BI,45,0F3EA6D34FDE25420DEDD8E7582655A95560EC4E14E6B8957CF36713F6EC
2026-09-15T21:22:52.497135+08:00,2026-09-15T21:22:52.516115+08:00,1789478572497135000,1789478572516115000,18980.000,18.980000,/dev/cu.usbserial-1120,/dev/cu.usbserial-A50285BI,46,0F3FC8CEDC60199AA0C00E37BCDEA1285D279D51CF9FE858A7A193B8B254
2026-09-15T21:22:53.039319+08:00,2026-09-15T21:22:53.069891+08:00,1789478573039319000,1789478573069891000,30572.000,30.572000,/dev/cu.usbserial-1120,/dev/cu.usbserial-A50285BI,47,0F40A3A5A0ED9DA370A6D3E49B82716600BD46C9921554F1C3BC1660AF18
2026-09-15T21:22:53.581475+08:00,2026-09-15T21:22:53.600994+08:00,1789478573581475000,1789478573600994000,19519.000,19.519000,/dev/cu.usbserial-1120,/dev/cu.usbserial-A50285BI,48,0F41945009402793C6370C2B8BE6ABA9D7DBA546F0C4A0C28FA9D2004BED
2026-09-15T21:22:54.123647+08:00,2026-09-15T21:22:54.153831+08:00,1789478574123647000,1789478574153831000,30184.000,30.184000,/dev/cu.usbserial-1120,/dev/cu.usbserial-A50285BI,49,0F424E5EC60211D699EFCCD600836FDF45567ADFEE85024FA529850DEB9C
2026-09-15T21:22:55.207967+08:00,2026-09-15T21:22:55.237854+08:00,1789478575207967000,1789478575237854000,29887.000,29.887000,/dev/cu.usbserial-1120,/dev/cu.usbserial-A50285BI,50,0F44CF9F3FA4834D726D3D1F7C13E48AC276D5390E026EA9F4AA598407A8
2026-09-15T21:22:55.749880+08:00,2026-09-15T21:22:55.778977+08:00,1789478575749880000,1789478575778977000,29097.000,29.097000,/dev/cu.usbserial-1120,/dev/cu.usbserial-A50285BI,51,0F4598BFBEF15572237A677A412DA4D14BAAE9A88CBEEA4912A4BAAF1AFE
2026-09-15T21:22:56.292110+08:00,2026-09-15T21:22:56.310395+08:00,1789478576292110000,1789478576310395000,18285.000,18.285000,/dev/cu.usbserial-1120,/dev/cu.usbserial-A50285BI,52,0F461AE23A91811551C3EF7E2FD672F703E275598894CC94EFA97F8E8B28
2026-09-15T21:22:56.834220+08:00,2026-09-15T21:22:56.863930+08:00,1789478576834220000,1789478576863930000,29710.000,29.710000,/dev/cu.usbserial-1120,/dev/cu.usbserial-A50285BI,53,0F475AC13F623193A7AAF37409D576BAFA70FC3CD0C488B0CB8AE3C5026E
2026-09-15T21:22:57.376374+08:00,2026-09-15T21:22:57.395487+08:00,1789478577376374000,1789478577395487000,19113.000,19.113000,/dev/cu.usbserial-1120,/dev/cu.usbserial-A50285BI,54,0F486DFF0F46A4567A0F768EE6AB4655FD5DC01E1D005DC0BF0AB5CDAB45
2026-09-15T21:22:57.918474+08:00,2026-09-15T21:22:57.948731+08:00,1789478577918474000,1789478577948731000,30257.000,30.257000,/dev/cu.usbserial-1120,/dev/cu.usbserial-A50285BI,55,0F4988B3DE478A9536B6F2E7E33DC1CB8E4DD32F4794A7A32F3EEEFBE9EE
2026-09-15T21:22:58.460674+08:00,2026-09-15T21:22:58.479678+08:00,1789478578460674000,1789478578479678000,19004.000,19.004000,/dev/cu.usbserial-1120,/dev/cu.usbserial-A50285BI,56,0F4AD5A9C27B12D79A6BB0479A309BEB9424EB433846F07AFCB20240C9E2
2026-09-15T21:22:59.544813+08:00,2026-09-15T21:22:59.575529+08:00,1789478579544813000,1789478579575529000,30716.000,30.716000,/dev/cu.usbserial-1120,/dev/cu.usbserial-A50285BI,57,0F4CA9EE83A4FC784E6C4A7BEF3B359F167274E074215F2D29FD38C2F120
2026-09-15T21:23:00.629193+08:00,2026-09-15T21:23:00.659593+08:00,1789478580629193000,1789478580659593000,30400.000,30.400000,/dev/cu.usbserial-1120,/dev/cu.usbserial-A50285BI,58,0F4E0DB9307120B69AA63B5AB661E772BDFEA8E7138B0EDD3446798B5CDB
2026-09-15T21:23:01.713391+08:00,2026-09-15T21:23:01.743696+08:00,1789478581713391000,1789478581743696000,30305.000,30.305000,/dev/cu.usbserial-1120,/dev/cu.usbserial-A50285BI,59,0F507053D24E482A732647EF6C720E0230781FA988366FABF763B0AEEE2A
2026-09-15T21:23:03.339713+08:00,2026-09-15T21:23:03.370045+08:00,1789478583339713000,1789478583370045000,30332.000,30.332000,/dev/cu.usbserial-1120,/dev/cu.usbserial-A50285BI,60,0F5354E1BB5D1F8D40DADCBA5851451659A4F686499EB67A05AC870B355C
2026-09-15T21:23:04.423862+08:00,2026-09-15T21:23:04.454228+08:00,1789478584423862000,1789478584454228000,30366.000,30.366000,/dev/cu.usbserial-1120,/dev/cu.usbserial-A50285BI,61,0F55386BF570D8EB072855D5CBAAB847C85953D9DE088C77EE356C004906
2026-09-15T21:23:05.508230+08:00,2026-09-15T21:23:05.538279+08:00,1789478585508230000,1789478585538279000,30049.000,30.049000,/dev/cu.usbserial-1120,/dev/cu.usbserial-A50285BI,62,0F57B0E933504D8BC636F409A3162E5E35C43346E50A399A47687E6E078B
2026-09-15T21:23:06.050102+08:00,2026-09-15T21:23:06.079162+08:00,1789478586050102000,1789478586079162000,29060.000,29.060000,/dev/cu.usbserial-1120,/dev/cu.usbserial-A50285BI,63,0F5814E9928D70E784F2B050D45EAF36C118CBB17B3F717A92CE6D4A1F51
2026-09-15T21:23:06.592425+08:00,2026-09-15T21:23:06.610747+08:00,1789478586592425000,1789478586610747000,18322.000,18.322000,/dev/cu.usbserial-1120,/dev/cu.usbserial-A50285BI,64,0F59F3F0B4646C3405F0026F5325EAE79C3774EC84D8D4B30178AEF5CA3F
2026-09-15T21:23:07.134554+08:00,2026-09-15T21:23:07.164435+08:00,1789478587134554000,1789478587164435000,29881.000,29.881000,/dev/cu.usbserial-1120,/dev/cu.usbserial-A50285BI,65,0F5A63477DC61E3893999D2D046DC0FBB921D349B6779BA4038F225F5F27
2026-09-15T21:23:08.760779+08:00,2026-09-15T21:23:08.791757+08:00,1789478588760779000,1789478588791757000,30978.000,30.978000,/dev/cu.usbserial-1120,/dev/cu.usbserial-A50285BI,66,0F5D6BF799C2E98F02C7D0C4A1CF43C7A99E4D614189AFD037B06C6464FC
2026-09-15T21:23:09.303044+08:00,2026-09-15T21:23:09.323049+08:00,1789478589303044000,1789478589323049000,20005.000,20.005000,/dev/cu.usbserial-1120,/dev/cu.usbserial-A50285BI,67,0F5E10DEDDD7C483DEAE130377287A0DF423B2AF0D73BC6ED259B02955C5
2026-09-15T21:23:09.845418+08:00,2026-09-15T21:23:09.875072+08:00,1789478589845418000,1789478589875072000,29654.000,29.654000,/dev/cu.usbserial-1120,/dev/cu.usbserial-A50285BI,68,0F5F46AE144C21192DE7DFF14071E20123DEDBF6493C1BBDEF6C999A0C9D
2026-09-15T21:23:10.387292+08:00,2026-09-15T21:23:10.406463+08:00,1789478590387292000,1789478590406463000,19171.000,19.171000,/dev/cu.usbserial-1120,/dev/cu.usbserial-A50285BI,69,0F60C208F68C0454D47C18F8C7F713B8D7432C7EA0A34BF6B95356E9E740
2026-09-15T21:23:11.471470+08:00,2026-09-15T21:23:11.502287+08:00,1789478591471470000,1789478591502287000,30817.000,30.817000,/dev/cu.usbserial-1120,/dev/cu.usbserial-A50285BI,70,0F623B2C8DA9F928D95C7532240F8890DF61197B38F7273203F395DA6736
2026-09-15T21:23:12.555649+08:00,2026-09-15T21:23:12.585518+08:00,1789478592555649000,1789478592585518000,29869.000,29.869000,/dev/cu.usbserial-1120,/dev/cu.usbserial-A50285BI,71,0F6464A9E275673399B365D541172FCD6987890D80FABADB4569D329F096
2026-09-15T21:23:13.097696+08:00,2026-09-15T21:23:13.126565+08:00,1789478593097696000,1789478593126565000,28869.000,28.869000,/dev/cu.usbserial-1120,/dev/cu.usbserial-A50285BI,72,0F65C0B2228010D98DA1844063ED592B808B55935652930A9C020F52B647
2026-09-15T21:23:13.639920+08:00,2026-09-15T21:23:13.658010+08:00,1789478593639920000,1789478593658010000,18090.000,18.090000,/dev/cu.usbserial-1120,/dev/cu.usbserial-A50285BI,73,0F66F1BBE36E9A4029E46F60007368BEC13C5778CC74F9477CDFBE5BCC0C
2026-09-15T21:23:14.182111+08:00,2026-09-15T21:23:14.212657+08:00,1789478594182111000,1789478594212657000,30546.000,30.546000,/dev/cu.usbserial-1120,/dev/cu.usbserial-A50285BI,74,0F6758F4C65505C0AF959DF7F4A85B38D2A46B22C9D837B3BE897160F367
2026-09-15T21:23:14.724100+08:00,2026-09-15T21:23:14.743866+08:00,1789478594724100000,1789478594743866000,19766.000,19.766000,/dev/cu.usbserial-1120,/dev/cu.usbserial-A50285BI,75,0F68E0F8A7D1EC398CCDE82FEDC521509C02AA599DEAE5E693F9D2D4EE81
2026-09-15T21:23:15.266239+08:00,2026-09-15T21:23:15.296684+08:00,1789478595266239000,1789478595296684000,30445.000,30.445000,/dev/cu.usbserial-1120,/dev/cu.usbserial-A50285BI,76,0F691757D221D3DAC607239A21E5700135B47FC3382B36BAF6FE2F8239D7
2026-09-15T21:23:15.808313+08:00,2026-09-15T21:23:15.827983+08:00,1789478595808313000,1789478595827983000,19670.000,19.670000,/dev/cu.usbserial-1120,/dev/cu.usbserial-A50285BI,77,0F6AFED4F31543A332476EF8C167558E9DD6772D1E1C0EC7E15CD6537898
2026-09-15T21:23:16.350411+08:00,2026-09-15T21:23:16.380834+08:00,1789478596350411000,1789478596380834000,30423.000,30.423000,/dev/cu.usbserial-1120,/dev/cu.usbserial-A50285BI,78,0F6BA06DD1AA95AA67FE4BBD2A108A4B2FA9DB8E17D9D4AB41B326D4AFCB
2026-09-15T21:23:16.892578+08:00,2026-09-15T21:23:16.912124+08:00,1789478596892578000,1789478596912124000,19546.000,19.546000,/dev/cu.usbserial-1120,/dev/cu.usbserial-A50285BI,79,0F6C631DB970901F74AA6F4FDFF2891CD3B4FDCAA9850B11A8245F743532
2026-09-15T21:23:17.434664+08:00,2026-09-15T21:23:17.465016+08:00,1789478597434664000,1789478597465016000,30352.000,30.352000,/dev/cu.usbserial-1120,/dev/cu.usbserial-A50285BI,80,0F6D1F63BAB1B310523E5711390E62BAF6AA5338456AA16EC6B33F8F68F0
2026-09-15T21:23:17.976801+08:00,2026-09-15T21:23:17.996147+08:00,1789478597976801000,1789478597996147000,19346.000,19.346000,/dev/cu.usbserial-1120,/dev/cu.usbserial-A50285BI,81,0F6EF180945151EB1946A022DABA4EBA391047E442DE038A986C4C2D20EB
2026-09-15T21:23:18.518965+08:00,2026-09-15T21:23:18.549099+08:00,1789478598518965000,1789478598549099000,30134.000,30.134000,/dev/cu.usbserial-1120,/dev/cu.usbserial-A50285BI,82,0F6FCE816F7560C5F4C815E4E5C2014EEA9CCB938CE6F7C45C46F089E3F0
2026-09-15T21:23:21.771540+08:00,2026-09-15T21:23:21.801370+08:00,1789478601771540000,1789478601801370000,29830.000,29.830000,/dev/cu.usbserial-1120,/dev/cu.usbserial-A50285BI,83,0F7570D2875F3C7CF72633FE4B39C6BDB382301736DB3F435D4BE3E5A2FF
2026-09-15T21:23:22.313389+08:00,2026-09-15T21:23:22.342635+08:00,1789478602313389000,1789478602342635000,29246.000,29.246000,/dev/cu.usbserial-1120,/dev/cu.usbserial-A50285BI,84,0F767874970AD34CD7DC0E92AD8414CB85A5EB3B173AC4FF4D09C4EAF8E8
2026-09-15T21:23:23.397866+08:00,2026-09-15T21:23:23.427621+08:00,1789478603397866000,1789478603427621000,29755.000,29.755000,/dev/cu.usbserial-1120,/dev/cu.usbserial-A50285BI,85,0F78116D8F50598DD3DF5C6C711FDCE5CD5C9F57C140FB4403CC23AC5815
2026-09-15T21:23:23.939822+08:00,2026-09-15T21:23:23.968770+08:00,1789478603939822000,1789478603968770000,28948.000,28.948000,/dev/cu.usbserial-1120,/dev/cu.usbserial-A50285BI,86,0F79342776BEFFC5BA3994A68EBD9358980632F3A3CF0DF64E10B1E076F7
2026-09-15T21:23:24.482082+08:00,2026-09-15T21:23:24.500064+08:00,1789478604482082000,1789478604500064000,17982.000,17.982000,/dev/cu.usbserial-1120,/dev/cu.usbserial-A50285BI,87,0F7AE78E65A8C058B7B565E9105C9BE28083192EB1748923D658605E5375
2026-09-15T21:23:25.024262+08:00,2026-09-15T21:23:25.054688+08:00,1789478605024262000,1789478605054688000,30426.000,30.426000,/dev/cu.usbserial-1120,/dev/cu.usbserial-A50285BI,88,0F7B5E5B2C27E4D72FA0F9E5E15F1AD22A71C5BAC06BC4E753223AED7D31
2026-09-15T21:23:26.650668+08:00,2026-09-15T21:23:26.680746+08:00,1789478606650668000,1789478606680746000,30078.000,30.078000,/dev/cu.usbserial-1120,/dev/cu.usbserial-A50285BI,89,0F7EEEDF961F072C8AAE21F72058A2B9CD05AAC7F20E236FC4BE8DD7FE8D
2026-09-15T21:23:27.192760+08:00,2026-09-15T21:23:27.211605+08:00,1789478607192760000,1789478607211605000,18845.000,18.845000,/dev/cu.usbserial-1120,/dev/cu.usbserial-A50285BI,90,0F7F879648161C0F65DDD39220C37531F4459C627E780059A3C581228164
2026-09-15T21:23:27.734969+08:00,2026-09-15T21:23:27.764683+08:00,1789478607734969000,1789478607764683000,29714.000,29.714000,/dev/cu.usbserial-1120,/dev/cu.usbserial-A50285BI,91,0F80F4821699AD8CB3B1D1021FBC58718A07E50A38604542E909C9290A78
2026-09-15T21:23:28.277011+08:00,2026-09-15T21:23:28.295977+08:00,1789478608277011000,1789478608295977000,18966.000,18.966000,/dev/cu.usbserial-1120,/dev/cu.usbserial-A50285BI,92,0F81448B9ED5E2C9EB30AF74E485E3AF5A72EF41E1B2487D8361F6D227EE
2026-09-15T21:23:28.819158+08:00,2026-09-15T21:23:28.848909+08:00,1789478608819158000,1789478608848909000,29751.000,29.751000,/dev/cu.usbserial-1120,/dev/cu.usbserial-A50285BI,93,0F82DB30BFDFC422354831A41309E5C9F4CA2C0EAEB8EF7B3CFC787F6E00
2026-09-15T21:23:29.361456+08:00,2026-09-15T21:23:29.380048+08:00,1789478609361456000,1789478609380048000,18592.000,18.592000,/dev/cu.usbserial-1120,/dev/cu.usbserial-A50285BI,94,0F8306894F6110665AB2595D5CF7B90C27DCA501FBB88318B546B097B51D
2026-09-15T21:23:29.903471+08:00,2026-09-15T21:23:29.933931+08:00,1789478609903471000,1789478609933931000,30460.000,30.460000,/dev/cu.usbserial-1120,/dev/cu.usbserial-A50285BI,95,0F844D0A90F5CDDF7B983FC272A95CB72B1850F8BE6149941187C0C405D4
2026-09-15T21:23:30.445624+08:00,2026-09-15T21:23:30.465286+08:00,1789478610445624000,1789478610465286000,19662.000,19.662000,/dev/cu.usbserial-1120,/dev/cu.usbserial-A50285BI,96,0F858A0C624D9D1683F7A34EC1CD403CA07C24A5BCE4CF61714F27FB4D6F
2026-09-15T21:23:30.987729+08:00,2026-09-15T21:23:31.018082+08:00,1789478610987729000,1789478611018082000,30353.000,30.353000,/dev/cu.usbserial-1120,/dev/cu.usbserial-A50285BI,97,0F86BB0A361AD5525BC4429ADDC0E04B3936ECCD7CE309A125930F3ED860
2026-09-15T21:23:31.529911+08:00,2026-09-15T21:23:31.549279+08:00,1789478611529911000,1789478611549279000,19368.000,19.368000,/dev/cu.usbserial-1120,/dev/cu.usbserial-A50285BI,98,0F8799ADC8A84DE3E2CFE9E2BABA138E3606DD50FC0C1A6C9D9663237E5E
2026-09-15T21:23:32.071996+08:00,2026-09-15T21:23:32.102046+08:00,1789478612071996000,1789478612102046000,30050.000,30.050000,/dev/cu.usbserial-1120,/dev/cu.usbserial-A50285BI,99,0F88E7888A4AF6239A6A4D479FAD1F339566E8EB2783F1D42287A1129C4C
2026-09-15T21:23:32.614211+08:00,2026-09-15T21:23:32.633324+08:00,1789478612614211000,1789478612633324000,19113.000,19.113000,/dev/cu.usbserial-1120,/dev/cu.usbserial-A50285BI,100,0F898AA2E17B2F3620C797D4DAEC932D066BCEBE050299A848ED7350C3DF
2026-09-15T21:23:33.698407+08:00,2026-09-15T21:23:33.729198+08:00,1789478613698407000,1789478613729198000,30791.000,30.791000,/dev/cu.usbserial-1120,/dev/cu.usbserial-A50285BI,101,0F8BBE3BF64C1F5193A6A0781F8E709F585501C8071451603166F75F02E6
2026-09-15T21:23:35.324679+08:00,2026-09-15T21:23:35.355188+08:00,1789478615324679000,1789478615355188000,30509.000,30.509000,/dev/cu.usbserial-1120,/dev/cu.usbserial-A50285BI,102,0F8E483D228125877226D7C28942B749F14119975C415C5E9791B2672FEA
2026-09-15T21:23:36.409151+08:00,2026-09-15T21:23:36.439248+08:00,1789478616409151000,1789478616439248000,30097.000,30.097000,/dev/cu.usbserial-1120,/dev/cu.usbserial-A50285BI,103,0F9054C893EA1B1AB01038839A7B18F4158110413830E4C3D75015AEB41A
2026-09-15T21:23:36.951177+08:00,2026-09-15T21:23:36.980274+08:00,1789478616951177000,1789478616980274000,29097.000,29.097000,/dev/cu.usbserial-1120,/dev/cu.usbserial-A50285BI,104,0F91EE3365B94D550384328B97F9091A4579B73136C566C1473C112373D2
2026-09-15T21:23:38.035536+08:00,2026-09-15T21:23:38.065329+08:00,1789478618035536000,1789478618065329000,29793.000,29.793000,/dev/cu.usbserial-1120,/dev/cu.usbserial-A50285BI,105,0F936D3A49F27ADF8302B5FD552DA9D46666C1D80A8696086F0BF90E8D93
2026-09-15T21:23:39.120292+08:00,2026-09-15T21:23:39.150448+08:00,1789478619120292000,1789478619150448000,30156.000,30.156000,/dev/cu.usbserial-1120,/dev/cu.usbserial-A50285BI,106,0F954C9FF48C73E57154146F05E808EA88BA707D28AD85A6184F1CD2F7D7
2026-09-15T21:23:39.661915+08:00,2026-09-15T21:23:39.691622+08:00,1789478619661915000,1789478619691622000,29707.000,29.707000,/dev/cu.usbserial-1120,/dev/cu.usbserial-A50285BI,107,0F96FCBF00DDE092F7DC4AB7CF680E7C1C2E9A6D3BB0066D43BEDF99AAB3
2026-09-15T21:23:40.203926+08:00,2026-09-15T21:23:40.222752+08:00,1789478620203926000,1789478620222752000,18826.000,18.826000,/dev/cu.usbserial-1120,/dev/cu.usbserial-A50285BI,108,0F97B3DCB7755C52AB2A0D5EAFBA1E8A7C099721CCF17E8E8402E0739EF9
2026-09-15T21:23:41.288399+08:00,2026-09-15T21:23:41.319482+08:00,1789478621288399000,1789478621319482000,31083.000,31.083000,/dev/cu.usbserial-1120,/dev/cu.usbserial-A50285BI,109,0F9958065297A46D3AF06A6344B3AFC0BF2493629D05191026D6B7125ECF
2026-09-15T21:23:41.830582+08:00,2026-09-15T21:23:41.860623+08:00,1789478621830582000,1789478621860623000,30041.000,30.041000,/dev/cu.usbserial-1120,/dev/cu.usbserial-A50285BI,110,0F9A9D8C3799C59E77D0BF3D673A3AD041C4518A57409B8A03E1F1B45272
2026-09-15T21:23:42.372697+08:00,2026-09-15T21:23:42.391913+08:00,1789478622372697000,1789478622391913000,19216.000,19.216000,/dev/cu.usbserial-1120,/dev/cu.usbserial-A50285BI,111,0F9BFE4D6F598859D14F80B424DDCAF2F995CDF82C16BA5719BD9D6C7E2B
2026-09-15T21:23:42.914973+08:00,2026-09-15T21:23:42.945764+08:00,1789478622914973000,1789478622945764000,30791.000,30.791000,/dev/cu.usbserial-1120,/dev/cu.usbserial-A50285BI,112,0F9C25382E7B33007B4025A46141DFC072F49E8485BB7C531EE0C11E9C52
2026-09-15T21:23:45.083420+08:00,2026-09-15T21:23:45.114022+08:00,1789478625083420000,1789478625114022000,30602.000,30.602000,/dev/cu.usbserial-1120,/dev/cu.usbserial-A50285BI,113,0FA0391302169A4A0C45FC03A1CF4191170B706E5B4C43D554DE6E2118BF
2026-09-15T21:23:45.625849+08:00,2026-09-15T21:23:45.655033+08:00,1789478625625849000,1789478625655033000,29184.000,29.184000,/dev/cu.usbserial-1120,/dev/cu.usbserial-A50285BI,114,0FA1B1E3D11D9DC66E9425240924EC641BF3481A62C819DC8D434DE5ADDE
2026-09-15T21:23:46.168136+08:00,2026-09-15T21:23:46.186417+08:00,1789478626168136000,1789478626186417000,18281.000,18.281000,/dev/cu.usbserial-1120,/dev/cu.usbserial-A50285BI,115,0FA22E6C5CA472C2ABB3012ECD7384888593B2984FC8592C51442EFBFFF8
2026-09-15T21:23:47.252397+08:00,2026-09-15T21:23:47.283143+08:00,1789478627252397000,1789478627283143000,30746.000,30.746000,/dev/cu.usbserial-1120,/dev/cu.usbserial-A50285BI,116,0FA488C24923B653181CCDE60ECB6D4708272AFBC7371AD4570420564460
2026-09-15T21:23:47.794315+08:00,2026-09-15T21:23:47.824244+08:00,1789478627794315000,1789478627824244000,29929.000,29.929000,/dev/cu.usbserial-1120,/dev/cu.usbserial-A50285BI,117,0FA5F7CD7C5AFE2A037CC5A259CB5B05AB7C55DEBC769F50918B02ABDF76
2026-09-15T21:23:48.878779+08:00,2026-09-15T21:23:48.909518+08:00,1789478628878779000,1789478628909518000,30739.000,30.739000,/dev/cu.usbserial-1120,/dev/cu.usbserial-A50285BI,118,0FA71DED455908FE4058D9335B0B9EBB259852C46B5F2FDD66B2B70CA554
2026-09-15T21:23:49.963174+08:00,2026-09-15T21:23:49.993454+08:00,1789478629963174000,1789478629993454000,30280.000,30.280000,/dev/cu.usbserial-1120,/dev/cu.usbserial-A50285BI,119,0FA9DF940A539EA946F64D950E5228500270C020AC18CE6E260BBB658806
2026-09-15T21:23:50.505172+08:00,2026-09-15T21:23:50.534471+08:00,1789478630505172000,1789478630534471000,29299.000,29.299000,/dev/cu.usbserial-1120,/dev/cu.usbserial-A50285BI,120,0FAAEB501878CDB031FEA420EFA212E9A0D86965EA34B114BCEC797FF612
2026-09-15T21:23:51.047593+08:00,2026-09-15T21:23:51.065819+08:00,1789478631047593000,1789478631065819000,18226.000,18.226000,/dev/cu.usbserial-1120,/dev/cu.usbserial-A50285BI,121,0FAB5ED0D78E5D2E2ADDD8DA308B690B4C716A8971AF410C4B686C523040
2026-09-15T21:23:51.589764+08:00,2026-09-15T21:23:51.619579+08:00,1789478631589764000,1789478631619579000,29815.000,29.815000,/dev/cu.usbserial-1120,/dev/cu.usbserial-A50285BI,122,0FAC5002C596C1437082501C818D588A2033C763F419ADED980E863DBFC4
2026-09-15T21:23:52.132046+08:00,2026-09-15T21:23:52.150918+08:00,1789478632132046000,1789478632150918000,18872.000,18.872000,/dev/cu.usbserial-1120,/dev/cu.usbserial-A50285BI,123,0FAD4851214B2BED2C513A366C1B9E0FB642A537182E951F8154348C2F2F
2026-09-15T21:23:52.674222+08:00,2026-09-15T21:23:52.704597+08:00,1789478632674222000,1789478632704597000,30375.000,30.375000,/dev/cu.usbserial-1120,/dev/cu.usbserial-A50285BI,124,0FAE12F1DBFF9C8AA744E238C3F9231FE3911E0161B3185931B4AC3788D8
2026-09-15T21:23:53.216311+08:00,2026-09-15T21:23:53.235904+08:00,1789478633216311000,1789478633235904000,19593.000,19.593000,/dev/cu.usbserial-1120,/dev/cu.usbserial-A50285BI,125,0FAF55DF4C49BC1F3AD3C274D9654DDC2248D379EC1CA8EA1997076983FD
2026-09-15T21:23:53.758529+08:00,2026-09-15T21:23:53.788839+08:00,1789478633758529000,1789478633788839000,30310.000,30.310000,/dev/cu.usbserial-1120,/dev/cu.usbserial-A50285BI,126,0FB0E2A4A45F6A5D07935DC072F61287D0E445D0E1F4A3B9A0F415C177A8
2026-09-15T21:23:54.842916+08:00,2026-09-15T21:23:54.872899+08:00,1789478634842916000,1789478634872899000,29983.000,29.983000,/dev/cu.usbserial-1120,/dev/cu.usbserial-A50285BI,127,0FB23B7E139CBE3130B8105B7651CDBBBB9BE039D00D8C0B6DE03989DC46
2026-09-15T21:23:55.384899+08:00,2026-09-15T21:23:55.414121+08:00,1789478635384899000,1789478635414121000,29222.000,29.222000,/dev/cu.usbserial-1120,/dev/cu.usbserial-A50285BI,128,0FB3FFD1686BF41A852D35D9BC9AB7965D2DCB8BE3C873012571676B42CC
2026-09-15T21:23:55.927052+08:00,2026-09-15T21:23:55.945465+08:00,1789478635927052000,1789478635945465000,18413.000,18.413000,/dev/cu.usbserial-1120,/dev/cu.usbserial-A50285BI,129,0FB4E53F4A5C3C98AC7A178D64118A4FE11FDE04B7EB1C6709065C1CB404
2026-09-15T21:23:56.469329+08:00,2026-09-15T21:23:56.499195+08:00,1789478636469329000,1789478636499195000,29866.000,29.866000,/dev/cu.usbserial-1120,/dev/cu.usbserial-A50285BI,130,0FB5CBD43CF87D2577B0F826FBB57CCD4801130AB67E5D9F1D4319C6468E
2026-09-15T21:23:57.011410+08:00,2026-09-15T21:23:57.030264+08:00,1789478637011410000,1789478637030264000,18854.000,18.854000,/dev/cu.usbserial-1120,/dev/cu.usbserial-A50285BI,131,0FB67381157F10BF729ADA33FCFA8BF46D56FBD5CBB52A8254F10D5F27ED
2026-09-15T21:23:57.553660+08:00,2026-09-15T21:23:57.584271+08:00,1789478637553660000,1789478637584271000,30611.000,30.611000,/dev/cu.usbserial-1120,/dev/cu.usbserial-A50285BI,132,0FB71920B2969028DF9A8EA3FDEBD26270F24D7919946D9A83E62630D2AF
2026-09-15T21:23:58.095810+08:00,2026-09-15T21:23:58.115565+08:00,1789478638095810000,1789478638115565000,19755.000,19.755000,/dev/cu.usbserial-1120,/dev/cu.usbserial-A50285BI,133,0FB8C53B6CA174EE64578C0AAB0E9EF8F5233FA96C50972E18A6A816094A
2026-09-15T21:23:58.637951+08:00,2026-09-15T21:23:58.668307+08:00,1789478638637951000,1789478638668307000,30356.000,30.356000,/dev/cu.usbserial-1120,/dev/cu.usbserial-A50285BI,134,0FB95F8B4AEF5D2B851782A876093D1E11919637727AF80188CCC08A81C6
2026-09-15T21:23:59.180202+08:00,2026-09-15T21:23:59.199499+08:00,1789478639180202000,1789478639199499000,19297.000,19.297000,/dev/cu.usbserial-1120,/dev/cu.usbserial-A50285BI,135,0FBA8641F59A2E0CD2EBAD280A079BC5FDE47D5DA8DCD0D88B28D5615C1E
2026-09-15T21:23:59.722156+08:00,2026-09-15T21:23:59.752315+08:00,1789478639722156000,1789478639752315000,30159.000,30.159000,/dev/cu.usbserial-1120,/dev/cu.usbserial-A50285BI,136,0FBB20066D2ADE12DE8EE92A82D98D2A922818BD142024BE09A7A3525965
2026-09-15T21:24:00.806634+08:00,2026-09-15T21:24:00.837380+08:00,1789478640806634000,1789478640837380000,30746.000,30.746000,/dev/cu.usbserial-1120,/dev/cu.usbserial-A50285BI,137,0FBD681DF4695D1A8A23E53B2EA25D870941881FBD6F5E190EE19B204D9A
2026-09-15T21:24:01.348734+08:00,2026-09-15T21:24:01.378321+08:00,1789478641348734000,1789478641378321000,29587.000,29.587000,/dev/cu.usbserial-1120,/dev/cu.usbserial-A50285BI,138,0FBE02C8889C75B2736BB6641546FBE53225341B7C711BE57886FFF831E9
2026-09-15T21:24:01.890809+08:00,2026-09-15T21:24:01.909708+08:00,1789478641890809000,1789478641909708000,18899.000,18.899000,/dev/cu.usbserial-1120,/dev/cu.usbserial-A50285BI,139,0FBF517AA049EB60D6372488EFA59496B720A78E19CDE4364C25FB29BC70
2026-09-15T21:24:02.433054+08:00,2026-09-15T21:24:02.463475+08:00,1789478642433054000,1789478642463475000,30421.000,30.421000,/dev/cu.usbserial-1120,/dev/cu.usbserial-A50285BI,140,0FC090BBB902CA90E1389AFB4E32CC18804ECFA8096743AFFBD247CF1114
2026-09-15T21:24:02.975219+08:00,2026-09-15T21:24:02.994640+08:00,1789478642975219000,1789478642994640000,19421.000,19.421000,/dev/cu.usbserial-1120,/dev/cu.usbserial-A50285BI,141,0FC18163A065EA5B3BE65FDA29A1E7918844C5D93D9D3D93A3D526BFEF6C
2026-09-15T21:24:03.517275+08:00,2026-09-15T21:24:03.547620+08:00,1789478643517275000,1789478643547620000,30345.000,30.345000,/dev/cu.usbserial-1120,/dev/cu.usbserial-A50285BI,142,0FC235DF65F803093C9DE3CF524B66CF90BAAA181B27674340CCB84E1C20
2026-09-15T21:24:04.059430+08:00,2026-09-15T21:24:04.078850+08:00,1789478644059430000,1789478644078850000,19420.000,19.420000,/dev/cu.usbserial-1120,/dev/cu.usbserial-A50285BI,143,0FC3A9370ED3845DDE88DB96AA50550F94EA39E72DBDBC8BA0910ACF9E11
2026-09-15T21:24:04.601569+08:00,2026-09-15T21:24:04.631932+08:00,1789478644601569000,1789478644631932000,30363.000,30.363000,/dev/cu.usbserial-1120,/dev/cu.usbserial-A50285BI,144,0FC416D10D01228E703F0D41147B607F00B617149A7C2F9B19E0F4DFAE3C
2026-09-15T21:24:05.143717+08:00,2026-09-15T21:24:05.163102+08:00,1789478645143717000,1789478645163102000,19385.000,19.385000,/dev/cu.usbserial-1120,/dev/cu.usbserial-A50285BI,145,0FC507F572A531150E30EB3D2CE8A984A18AEA3E570701D5FCB7A0626C5D
2026-09-15T21:24:06.228028+08:00,2026-09-15T21:24:06.258835+08:00,1789478646228028000,1789478646258835000,30807.000,30.807000,/dev/cu.usbserial-1120,/dev/cu.usbserial-A50285BI,146,0FC7E5B53D6A3510C9306CECD79BFCBF9E59CA8015D077051BDD6E1D6649
2026-09-15T21:24:06.769890+08:00,2026-09-15T21:24:06.799872+08:00,1789478646769890000,1789478646799872000,29982.000,29.982000,/dev/cu.usbserial-1120,/dev/cu.usbserial-A50285BI,147,0FC8AD6D320B540BA540F0DC04EB84AE986C5B145EC1900572805A333890
2026-09-15T21:24:07.312218+08:00,2026-09-15T21:24:07.331109+08:00,1789478647312218000,1789478647331109000,18891.000,18.891000,/dev/cu.usbserial-1120,/dev/cu.usbserial-A50285BI,148,0FC9182C4FAB2033379447DCBC17306A2AC555E92F6CD70A8E5805C1894D
2026-09-15T21:24:07.854314+08:00,2026-09-15T21:24:07.884811+08:00,1789478647854314000,1789478647884811000,30497.000,30.497000,/dev/cu.usbserial-1120,/dev/cu.usbserial-A50285BI,149,0FCAAEA00B3F27F199D71B96F7A715A19A27CFB3D1773815B1D34798C5D5
2026-09-15T21:24:08.396225+08:00,2026-09-15T21:24:08.415971+08:00,1789478648396225000,1789478648415971000,19746.000,19.746000,/dev/cu.usbserial-1120,/dev/cu.usbserial-A50285BI,150,0FCB822D736E4D432CA2F3E45B07768E0BFB16D256A8A3AE91B984AB39D9
2026-09-15T21:24:08.938534+08:00,2026-09-15T21:24:08.969044+08:00,1789478648938534000,1789478648969044000,30510.000,30.510000,/dev/cu.usbserial-1120,/dev/cu.usbserial-A50285BI,151,0FCC83B79CF05EC0471D0E143371D47BAE7109120B4AA3E609D286540443
2026-09-15T21:24:09.480534+08:00,2026-09-15T21:24:09.500225+08:00,1789478649480534000,1789478649500225000,19691.000,19.691000,/dev/cu.usbserial-1120,/dev/cu.usbserial-A50285BI,152,0FCD9023DDB6635EAA61F1F21E90C90CB7642331AA4FAC1A8E4B1255CADD
2026-09-15T21:24:10.022735+08:00,2026-09-15T21:24:10.053202+08:00,1789478650022735000,1789478650053202000,30467.000,30.467000,/dev/cu.usbserial-1120,/dev/cu.usbserial-A50285BI,153,0FCE4F9CC0CDB7F4B6A2C08589DF933C100056235133377B66D7389F2DB5
2026-09-15T21:24:10.564874+08:00,2026-09-15T21:24:10.584343+08:00,1789478650564874000,1789478650584343000,19469.000,19.469000,/dev/cu.usbserial-1120,/dev/cu.usbserial-A50285BI,154,0FCFBD98B301D77F5E0F4E96DCD57025CF249C1635A68D50999667D3FB42
2026-09-15T21:24:11.106911+08:00,2026-09-15T21:24:11.137113+08:00,1789478651106911000,1789478651137113000,30202.000,30.202000,/dev/cu.usbserial-1120,/dev/cu.usbserial-A50285BI,155,0FD084988042FB26DA76F4F475C1AE8266864D3614E765F7A4B8478B2645
2026-09-15T21:24:11.649131+08:00,2026-09-15T21:24:11.668450+08:00,1789478651649131000,1789478651668450000,19319.000,19.319000,/dev/cu.usbserial-1120,/dev/cu.usbserial-A50285BI,156,0FD10EB181C867FD1EA92478577380F39E9A302F6DEF2EAEF2DF4457766F
2026-09-15T21:24:12.191664+08:00,2026-09-15T21:24:12.221298+08:00,1789478652191664000,1789478652221298000,29634.000,29.634000,/dev/cu.usbserial-1120,/dev/cu.usbserial-A50285BI,157,0FD25BCD91F8818C0FA2BCC8A1A190054332527571542B160947EB88FFC5
2026-09-15T21:24:12.733278+08:00,2026-09-15T21:24:12.752496+08:00,1789478652733278000,1789478652752496000,19218.000,19.218000,/dev/cu.usbserial-1120,/dev/cu.usbserial-A50285BI,158,0FD393AFC303A10D726619DCBE0658EE9EE39845B6E9427286A6F7AE52C5
2026-09-15T21:24:13.275395+08:00,2026-09-15T21:24:13.305331+08:00,1789478653275395000,1789478653305331000,29936.000,29.936000,/dev/cu.usbserial-1120,/dev/cu.usbserial-A50285BI,159,0FD45DB9D352A976A2ACF14360492F1AA62D1469B02893B1C8D228E07447
2026-09-15T21:24:13.817601+08:00,2026-09-15T21:24:13.836571+08:00,1789478653817601000,1789478653836571000,18970.000,18.970000,/dev/cu.usbserial-1120,/dev/cu.usbserial-A50285BI,160,0FD5EC6F5FA35A3C083CDF252CA22368F4571ABDDE4FC9306D26D9C09123
2026-09-15T21:24:14.359497+08:00,2026-09-15T21:24:14.390219+08:00,1789478654359497000,1789478654390219000,30722.000,30.722000,/dev/cu.usbserial-1120,/dev/cu.usbserial-A50285BI,161,0FD6DDBAD4F163D24817BC06343C8B33791D1074C64A323E80A34E3C6E96
2026-09-15T21:24:14.901829+08:00,2026-09-15T21:24:14.921617+08:00,1789478654901829000,1789478654921617000,19788.000,19.788000,/dev/cu.usbserial-1120,/dev/cu.usbserial-A50285BI,162,0FD7C2EB281637F53D5AB24F275B5A11EF0A0718A0558E5E6DD8CF14A163
2026-09-15T21:24:15.443978+08:00,2026-09-15T21:24:15.474619+08:00,1789478655443978000,1789478655474619000,30641.000,30.641000,/dev/cu.usbserial-1120,/dev/cu.usbserial-A50285BI,163,0FD87B844B30A6A9A5E1108B483B335D12A50C55D35FAA4DBA82771E82BB
2026-09-15T21:24:15.986134+08:00,2026-09-15T21:24:16.005614+08:00,1789478655986134000,1789478656005614000,19480.000,19.480000,/dev/cu.usbserial-1120,/dev/cu.usbserial-A50285BI,164,0FD949B85CC628019BACDD7322BD3F748D4D3D74222EAAC976F1CC4ADFDB
2026-09-15T21:24:16.528212+08:00,2026-09-15T21:24:16.558804+08:00,1789478656528212000,1789478656558804000,30592.000,30.592000,/dev/cu.usbserial-1120,/dev/cu.usbserial-A50285BI,165,0FDAA3AD9DA9F9A1C7042DAAF7C2C0C0B5E29CA7A446280D6E2E0D657179
2026-09-15T21:24:17.070437+08:00,2026-09-15T21:24:17.089921+08:00,1789478657070437000,1789478657089921000,19484.000,19.484000,/dev/cu.usbserial-1120,/dev/cu.usbserial-A50285BI,166,0FDBC586269AE802565B3647FB546378F72AA6097789001C24DF4C9F10DD
2026-09-15T21:24:17.612480+08:00,2026-09-15T21:24:17.642755+08:00,1789478657612480000,1789478657642755000,30275.000,30.275000,/dev/cu.usbserial-1120,/dev/cu.usbserial-A50285BI,167,0FDC0B225BAEED79A9F51F154489582310F0A162329CE7C57FE841CCA6D0
2026-09-15T21:24:18.154602+08:00,2026-09-15T21:24:18.174037+08:00,1789478658154602000,1789478658174037000,19435.000,19.435000,/dev/cu.usbserial-1120,/dev/cu.usbserial-A50285BI,168,0FDD02A21E737EF7CD4A9D9B7D2621E000EBB7AC1D0EBF6041D0DB6CE638
2026-09-15T21:24:18.696832+08:00,2026-09-15T21:24:18.726938+08:00,1789478658696832000,1789478658726938000,30106.000,30.106000,/dev/cu.usbserial-1120,/dev/cu.usbserial-A50285BI,169,0FDE39AEC2D1A18FB0283DDD5F042C66BD63C5582139AB5B3BE8956BBC7E
2026-09-15T21:24:19.238870+08:00,2026-09-15T21:24:19.258098+08:00,1789478659238870000,1789478659258098000,19228.000,19.228000,/dev/cu.usbserial-1120,/dev/cu.usbserial-A50285BI,170,0FDFDA77C4B1BFBB109A81DEE03421CBA994F24F7FE6E377402B8DA781B4
2026-09-15T21:24:19.781035+08:00,2026-09-15T21:24:19.810912+08:00,1789478659781035000,1789478659810912000,29877.000,29.877000,/dev/cu.usbserial-1120,/dev/cu.usbserial-A50285BI,171,0FE0FB7A3A5D3D5D318AABEA27E3FA06C4CF00B942B147D0DCE55334F579
2026-09-15T21:24:20.323024+08:00,2026-09-15T21:24:20.342129+08:00,1789478660323024000,1789478660342129000,19105.000,19.105000,/dev/cu.usbserial-1120,/dev/cu.usbserial-A50285BI,172,0FE1B30909ACCA8654275B9744FDD6349F64647F7431B4A0C3158361EC99
2026-09-15T21:24:21.407231+08:00,2026-09-15T21:24:21.438764+08:00,1789478661407231000,1789478661438764000,31533.000,31.533000,/dev/cu.usbserial-1120,/dev/cu.usbserial-A50285BI,173,0FE3FF79C63B8A6A800930EC39FB0073BB5828E5BF8E45F616EE6C469C29
2026-09-15T21:24:22.491565+08:00,2026-09-15T21:24:22.522014+08:00,1789478662491565000,1789478662522014000,30449.000,30.449000,/dev/cu.usbserial-1120,/dev/cu.usbserial-A50285BI,174,0FE5BA84423038D8A413131F3B242ABA82A8E2C68D96F6F1B1D10120F422
2026-09-15T21:24:23.033671+08:00,2026-09-15T21:24:23.062914+08:00,1789478663033671000,1789478663062914000,29243.000,29.243000,/dev/cu.usbserial-1120,/dev/cu.usbserial-A50285BI,175,0FE6CDC333F759F316DDAC50B4BF5C9D05DCDD180B8A8B9AC0AC7573BEF4
2026-09-15T21:24:23.575901+08:00,2026-09-15T21:24:23.594361+08:00,1789478663575901000,1789478663594361000,18460.000,18.460000,/dev/cu.usbserial-1120,/dev/cu.usbserial-A50285BI,176,0FE7EF03B1D9D6197D57A10B2E6A2D99A3484582FA61F3E4BA178855C33D
2026-09-15T21:24:24.117804+08:00,2026-09-15T21:24:24.147912+08:00,1789478664117804000,1789478664147912000,30108.000,30.108000,/dev/cu.usbserial-1120,/dev/cu.usbserial-A50285BI,177,0FE86DC2F651A80AA47A2E59B740EB45A30D91AB0A67244832EB42162709
2026-09-15T21:24:24.660163+08:00,2026-09-15T21:24:24.679372+08:00,1789478664660163000,1789478664679372000,19209.000,19.209000,/dev/cu.usbserial-1120,/dev/cu.usbserial-A50285BI,178,0FE9336CAF81B5D4F2A184ABE63BAB7B7C688D198C00B27D81D45364C4B2
2026-09-15T21:24:25.744478+08:00,2026-09-15T21:24:25.775088+08:00,1789478665744478000,1789478665775088000,30610.000,30.610000,/dev/cu.usbserial-1120,/dev/cu.usbserial-A50285BI,179,0FEB2950C9EDF08F9AF7F194A202952795F506A1B601794802593E6C1DB1
2026-09-15T21:24:26.286430+08:00,2026-09-15T21:24:26.315962+08:00,1789478666286430000,1789478666315962000,29532.000,29.532000,/dev/cu.usbserial-1120,/dev/cu.usbserial-A50285BI,180,0FEC8942FE79FE8359D6FEC4CF65B494D8AEDE586C6A5BE5747579E2F491
2026-09-15T21:24:27.370772+08:00,2026-09-15T21:24:27.401457+08:00,1789478667370772000,1789478667401457000,30685.000,30.685000,/dev/cu.usbserial-1120,/dev/cu.usbserial-A50285BI,181,0FEE003ECFE974C5A13E70AAD9F405A1788EC1FB2CC3B8C436F9579D1D82
2026-09-15T21:24:27.912647+08:00,2026-09-15T21:24:27.942256+08:00,1789478667912647000,1789478667942256000,29609.000,29.609000,/dev/cu.usbserial-1120,/dev/cu.usbserial-A50285BI,182,0FEFE8581598E4552C1AFC9F3A04E6C686AFE87A38CE25EC8324AAE58F06
2026-09-15T21:24:28.455099+08:00,2026-09-15T21:24:28.473549+08:00,1789478668455099000,1789478668473549000,18450.000,18.450000,/dev/cu.usbserial-1120,/dev/cu.usbserial-A50285BI,183,0FF038A22794CF7627B7FF1FA3DAEEE3D7682872D3082A7BE39AAC0CBFF1
2026-09-15T21:24:28.997290+08:00,2026-09-15T21:24:29.027330+08:00,1789478668997290000,1789478669027330000,30040.000,30.040000,/dev/cu.usbserial-1120,/dev/cu.usbserial-A50285BI,184,0FF1B2AA774F51341DA14278307F2892CBE2A10992A20EA757B7231C902C
2026-09-15T21:24:29.539340+08:00,2026-09-15T21:24:29.558582+08:00,1789478669539340000,1789478669558582000,19242.000,19.242000,/dev/cu.usbserial-1120,/dev/cu.usbserial-A50285BI,185,0FF22D527AE2268E090A7A4B966097D6472837A83DE96D8881EC715DAC74
2026-09-15T21:24:30.081560+08:00,2026-09-15T21:24:30.111431+08:00,1789478670081560000,1789478670111431000,29871.000,29.871000,/dev/cu.usbserial-1120,/dev/cu.usbserial-A50285BI,186,0FF32BD458BA81B64AAF60065B708CDD2B89280685EA045991A9AAD8BC7D
2026-09-15T21:24:30.623672+08:00,2026-09-15T21:24:30.642481+08:00,1789478670623672000,1789478670642481000,18809.000,18.809000,/dev/cu.usbserial-1120,/dev/cu.usbserial-A50285BI,187,0FF4278B68F69A1B537D7E31C710B78C86BA5EE574D34C8202FC689C5FD9
2026-09-15T21:24:32.250008+08:00,2026-09-15T21:24:32.280558+08:00,1789478672250008000,1789478672280558000,30550.000,30.550000,/dev/cu.usbserial-1120,/dev/cu.usbserial-A50285BI,188,0FF7AD3D18F552BAC76979622B09B497FA52C3FE6235E3D842DADB1F0C17
2026-09-15T21:24:33.876228+08:00,2026-09-15T21:24:33.906477+08:00,1789478673876228000,1789478673906477000,30249.000,30.249000,/dev/cu.usbserial-1120,/dev/cu.usbserial-A50285BI,189,0FFAF2CF31C7275C581C41C32F6DA7C367C0AE684B7FA328ADF497C09182
2026-09-15T21:24:35.502701+08:00,2026-09-15T21:24:35.532634+08:00,1789478675502701000,1789478675532634000,29933.000,29.933000,/dev/cu.usbserial-1120,/dev/cu.usbserial-A50285BI,190,0FFDBF0FA23DF32A1C21D8C38849986F6124C9E0972D32BE3F2D5E40FB34
2026-09-15T21:24:36.044797+08:00,2026-09-15T21:24:36.063781+08:00,1789478676044797000,1789478676063781000,18984.000,18.984000,/dev/cu.usbserial-1120,/dev/cu.usbserial-A50285BI,191,0FFEE38C27556FD4C824972C35F1602D83C1894CB2109EF79849BE759101
2026-09-15T21:24:36.587325+08:00,2026-09-15T21:24:36.617806+08:00,1789478676587325000,1789478676617806000,30481.000,30.481000,/dev/cu.usbserial-1120,/dev/cu.usbserial-A50285BI,192,0FFF277BE4F7868DF4CD011B2B830057A6B7BFD7A09E95EFA0C101CC6278
2026-09-15T21:24:37.129442+08:00,2026-09-15T21:24:37.149023+08:00,1789478677129442000,1789478677149023000,19581.000,19.581000,/dev/cu.usbserial-1120,/dev/cu.usbserial-A50285BI,193,100079508727F3B1FB3B2FD12AE4CB5BE29005A1062B4D38F8179251C4ED
2026-09-15T21:24:37.671606+08:00,2026-09-15T21:24:37.702070+08:00,1789478677671606000,1789478677702070000,30464.000,30.464000,/dev/cu.usbserial-1120,/dev/cu.usbserial-A50285BI,194,100149D60DF13D48B8571A5B5A38B74E6253260C06847D05EF0463C9A366
2026-09-15T21:24:38.213835+08:00,2026-09-15T21:24:38.233105+08:00,1789478678213835000,1789478678233105000,19270.000,19.270000,/dev/cu.usbserial-1120,/dev/cu.usbserial-A50285BI,195,10025A69B64DCE8DB0EEE155BD49F4F11726F5FF34D26BA7AF974378F6FC
2026-09-15T21:24:38.756102+08:00,2026-09-15T21:24:38.785883+08:00,1789478678756102000,1789478678785883000,29781.000,29.781000,/dev/cu.usbserial-1120,/dev/cu.usbserial-A50285BI,196,10035801B9C1C42F0E99E86A64A53D6E2EB5D9E94B3DC1D93719F1A4F401
2026-09-15T21:24:39.298167+08:00,2026-09-15T21:24:39.317046+08:00,1789478679298167000,1789478679317046000,18879.000,18.879000,/dev/cu.usbserial-1120,/dev/cu.usbserial-A50285BI,197,10042CF4B6CA84595162A89C6389F0E441502A8BA25222BE0EB5F3D704E0
2026-09-15T21:24:39.840386+08:00,2026-09-15T21:24:39.870864+08:00,1789478679840386000,1789478679870864000,30478.000,30.478000,/dev/cu.usbserial-1120,/dev/cu.usbserial-A50285BI,198,1005107AEEF91171C5263F48847FDEA84ED53D745E257EA5B2DA25E577C6
2026-09-15T21:24:40.382473+08:00,2026-09-15T21:24:40.402161+08:00,1789478680382473000,1789478680402161000,19688.000,19.688000,/dev/cu.usbserial-1120,/dev/cu.usbserial-A50285BI,199,100663EE33DF20A1B4B9CBE6BCC7E14669513E4966352791D45D13B3F604
2026-09-15T21:24:40.924745+08:00,2026-09-15T21:24:40.955068+08:00,1789478680924745000,1789478680955068000,30323.000,30.323000,/dev/cu.usbserial-1120,/dev/cu.usbserial-A50285BI,200,10073CD99FA8EA185BCD7A926078314B3367C3CC1A11A17A456006B3BB30
2026-09-15T21:24:41.466839+08:00,2026-09-15T21:24:41.486302+08:00,1789478681466839000,1789478681486302000,19463.000,19.463000,/dev/cu.usbserial-1120,/dev/cu.usbserial-A50285BI,201,1008C0AE0587BF0F9D935F4D166475C4086E1B99C1BC3B51ADF5DE308110
2026-09-15T21:24:42.008951+08:00,2026-09-15T21:24:42.039168+08:00,1789478682008951000,1789478682039168000,30217.000,30.217000,/dev/cu.usbserial-1120,/dev/cu.usbserial-A50285BI,202,100932532AD75D8D791D04018BBE9984F95B68B0C5D261C7FF80A34E3A36
2026-09-15T21:24:43.093337+08:00,2026-09-15T21:24:43.123091+08:00,1789478683093337000,1789478683123091000,29754.000,29.754000,/dev/cu.usbserial-1120,/dev/cu.usbserial-A50285BI,203,100B523ADB0C461172DBD2EB037CC8D8EA5D38F891B8C2D99E489C93DCC8
2026-09-15T21:24:43.635266+08:00,2026-09-15T21:24:43.664457+08:00,1789478683635266000,1789478683664457000,29191.000,29.191000,/dev/cu.usbserial-1120,/dev/cu.usbserial-A50285BI,204,100C62A5EA30A18EA6AF212B5767F6D49CEB45341879D7ECDBF75FE78FAF
2026-09-15T21:24:44.719917+08:00,2026-09-15T21:24:44.750299+08:00,1789478684719917000,1789478684750299000,30382.000,30.382000,/dev/cu.usbserial-1120,/dev/cu.usbserial-A50285BI,205,100E23D80A55D4FD661AF4A5B4397B4C1C3C5F8AF2629D34A1190932583D
2026-09-15T21:24:45.261844+08:00,2026-09-15T21:24:45.291552+08:00,1789478685261844000,1789478685291552000,29708.000,29.708000,/dev/cu.usbserial-1120,/dev/cu.usbserial-A50285BI,206,100FD61F720EE5A3A6F3CE90F3F1AFBD48EAB7A6F79570C0D841D09D3D49
2026-09-15T21:24:46.346382+08:00,2026-09-15T21:24:46.376596+08:00,1789478686346382000,1789478686376596000,30214.000,30.214000,/dev/cu.usbserial-1120,/dev/cu.usbserial-A50285BI,207,1011B9CB09D4CE0266892280036AC3A8A3F835CA111542F7C83E84A86588
2026-09-15T21:24:47.430632+08:00,2026-09-15T21:24:47.460537+08:00,1789478687430632000,1789478687460537000,29905.000,29.905000,/dev/cu.usbserial-1120,/dev/cu.usbserial-A50285BI,208,1013C540289093160D070A5794DA5364031D7BCE4FC9BAB8487C81E982F4
2026-09-15T21:24:47.972604+08:00,2026-09-15T21:24:48.001805+08:00,1789478687972604000,1789478688001805000,29201.000,29.201000,/dev/cu.usbserial-1120,/dev/cu.usbserial-A50285BI,209,101445B307490E88BEEEBE55996622A682C6BA7703EE48DBB8861B4F74BA
2026-09-15T21:24:49.057097+08:00,2026-09-15T21:24:49.087601+08:00,1789478689057097000,1789478689087601000,30504.000,30.504000,/dev/cu.usbserial-1120,/dev/cu.usbserial-A50285BI,210,10168A91534071AF064F79B1C5CD1505C2885257FC20EAAB2885093B5E35
2026-09-15T21:24:49.599219+08:00,2026-09-15T21:24:49.628623+08:00,1789478689599219000,1789478689628623000,29404.000,29.404000,/dev/cu.usbserial-1120,/dev/cu.usbserial-A50285BI,211,1017DC168433DF757BC6E3DC0BF7E2F58FC8832B60346B0902EB495111CA
2026-09-15T21:24:50.683607+08:00,2026-09-15T21:24:50.713626+08:00,1789478690683607000,1789478690713626000,30019.000,30.019000,/dev/cu.usbserial-1120,/dev/cu.usbserial-A50285BI,212,1019C605D2F1F8F128245D9FEB439C0408B27322135387DDF2C7ED9E4C63
2026-09-15T21:24:51.225692+08:00,2026-09-15T21:24:51.254934+08:00,1789478691225692000,1789478691254934000,29242.000,29.242000,/dev/cu.usbserial-1120,/dev/cu.usbserial-A50285BI,213,101A74A9AFF4B83F8333E873B30752CD157DB3A09D87412B46787472BC3B
2026-09-15T21:24:51.767890+08:00,2026-09-15T21:24:51.786087+08:00,1789478691767890000,1789478691786087000,18197.000,18.197000,/dev/cu.usbserial-1120,/dev/cu.usbserial-A50285BI,214,101B98DACA57148786A378763EC84859217B8A36AD7811BEDC3D886E0E8B
2026-09-15T21:24:52.852224+08:00,2026-09-15T21:24:52.882696+08:00,1789478692852224000,1789478692882696000,30472.000,30.472000,/dev/cu.usbserial-1120,/dev/cu.usbserial-A50285BI,215,101DA06282C6BBB575A695B14E0CC2362DECBEBC2DCBB93208FA249A8A90
2026-09-15T21:24:53.936585+08:00,2026-09-15T21:24:53.966793+08:00,1789478693936585000,1789478693966793000,30208.000,30.208000,/dev/cu.usbserial-1120,/dev/cu.usbserial-A50285BI,216,101F3685FE1D40D683CEA33ED190323AAE880F267CF5F99E6BE559985EBA
2026-09-15T21:24:54.478619+08:00,2026-09-15T21:24:54.507805+08:00,1789478694478619000,1789478694507805000,29186.000,29.186000,/dev/cu.usbserial-1120,/dev/cu.usbserial-A50285BI,217,10200A3E9E60EB8C414B27AE58333F17DC8FDC6156D357E7506804247E6F
2026-09-15T21:24:55.020758+08:00,2026-09-15T21:24:55.039195+08:00,1789478695020758000,1789478695039195000,18437.000,18.437000,/dev/cu.usbserial-1120,/dev/cu.usbserial-A50285BI,218,102142CAAC3643A267769C266B538CE0D0110C81F3969AC025A3C5F816D1
2026-09-15T21:24:55.563007+08:00,2026-09-15T21:24:55.592992+08:00,1789478695563007000,1789478695592992000,29985.000,29.985000,/dev/cu.usbserial-1120,/dev/cu.usbserial-A50285BI,219,10227980FF4E08C99355FC3BA36F9FCC936B4764811E62F42FDB4550B4B1
2026-09-15T21:24:56.105106+08:00,2026-09-15T21:24:56.124199+08:00,1789478696105106000,1789478696124199000,19093.000,19.093000,/dev/cu.usbserial-1120,/dev/cu.usbserial-A50285BI,220,1023B4D1E76730AB8638040E2A4E0E00EB014EF5D2CC3033031399E9A797
2026-09-15T21:24:56.647280+08:00,2026-09-15T21:24:56.677123+08:00,1789478696647280000,1789478696677123000,29843.000,29.843000,/dev/cu.usbserial-1120,/dev/cu.usbserial-A50285BI,221,1024B3089BB579E8DA62019CABE68C118A5B4FE9D7E4001A40AE1F45EFA8
2026-09-15T21:24:57.189389+08:00,2026-09-15T21:24:57.208396+08:00,1789478697189389000,1789478697208396000,19007.000,19.007000,/dev/cu.usbserial-1120,/dev/cu.usbserial-A50285BI,222,102509D77402BEE171676DB808F9C54C0510FA49CAB399EFFED20DB2F549
2026-09-15T21:24:57.731658+08:00,2026-09-15T21:24:57.762115+08:00,1789478697731658000,1789478697762115000,30457.000,30.457000,/dev/cu.usbserial-1120,/dev/cu.usbserial-A50285BI,223,1026ED91DE950B36AE543DD2D07FE9B6896652B22D6EA62E038DC30AF982
2026-09-15T21:24:58.815884+08:00,2026-09-15T21:24:58.846246+08:00,1789478698815884000,1789478698846246000,30362.000,30.362000,/dev/cu.usbserial-1120,/dev/cu.usbserial-A50285BI,224,1028A53060AC981C928A82B81F57222AC88DF7DE83C0D522E39E2C8145A6
